selectedPart,alignmentCategory,anchorCategory,anchorDistance,alignmentDistance,round5Distance,alignmentType,alignmentPosition
15,aligned,far-anchor,10,0,0,0,0
15,near-aligned,far-anchor,10,1,0,0,1
15,near-aligned,far-anchor,10,2,0,0,2
15,near-aligned,far-anchor,10,3,0,0,3
15,near-aligned,far-anchor,10,4,0,0,4
15,far-from-aligned,far-anchor,10,5,0,0 and 25,5
15,near-aligned,far-anchor,10,4,0,25,6
15,near-aligned,far-anchor,10,3,0,25,7
15,near-aligned,far-anchor,10,2,0,25,8
15,near-aligned,far-anchor,10,1,0,25,9
15,aligned,far-anchor,10,0,0,25,10
15,far-from-aligned,far-anchor,10,5,0,25,15
15,far-from-aligned,far-anchor,10,6,0,25,16
15,far-from-aligned,far-anchor,10,7,0,25,17
15,far-from-aligned,far-anchor,10,7,0,25,18
15,far-from-aligned,far-anchor,10,6,0,25,19
15,far-from-aligned,far-anchor,10,5,0,25,20
15,near-aligned,far-anchor,10,4,0,25,21
15,near-aligned,far-anchor,10,3,0,25,22
15,near-aligned,far-anchor,10,2,0,25,23
15,near-aligned,far-anchor,10,1,0,25,24
15,aligned,far-anchor,10,0,0,25,25
15,far-from-aligned,far-anchor,10,5,0,25 and 50,30
15,near-aligned,far-anchor,10,4,0,50,31
15,near-aligned,far-anchor,10,3,0,50,32
15,near-aligned,far-anchor,10,2,0,50,33
15,near-aligned,far-anchor,10,1,0,50,34
15,aligned,far-anchor,10,0,0,50,35
15,far-from-aligned,far-anchor,10,5,0,50,40
15,far-from-aligned,far-anchor,10,6,0,50,41
15,far-from-aligned,far-anchor,10,7,0,50,42
15,far-from-aligned,far-anchor,10,7,0,50,43
15,far-from-aligned,far-anchor,10,6,0,50,44
15,far-from-aligned,far-anchor,10,5,0,50,45
15,near-aligned,far-anchor,10,4,0,50,46
15,near-aligned,far-anchor,10,3,0,50,47
15,near-aligned,far-anchor,10,2,0,50,48
15,near-aligned,far-anchor,10,1,0,50,49
15,aligned,far-anchor,10,0,0,50,50
15,far-from-aligned,far-anchor,10,5,0,50 and 75,55
15,near-aligned,far-anchor,10,4,0,75,56
15,near-aligned,far-anchor,10,3,0,75,57
15,near-aligned,far-anchor,10,2,0,75,58
15,near-aligned,far-anchor,10,1,0,75,59
15,aligned,far-anchor,10,0,0,75,60
15,far-from-aligned,far-anchor,10,5,0,75,65
15,far-from-aligned,far-anchor,10,6,0,75,66
15,far-from-aligned,far-anchor,10,7,0,75,67
15,far-from-aligned,far-anchor,10,7,0,75,68
15,far-from-aligned,far-anchor,10,6,0,75,69
15,far-from-aligned,far-anchor,10,5,0,75,70
15,near-aligned,far-anchor,10,4,0,75,71
15,near-aligned,far-anchor,10,3,0,75,72
15,near-aligned,far-anchor,10,2,0,75,73
15,near-aligned,far-anchor,10,1,0,75,74
15,aligned,far-anchor,10,0,0,75,75
15,far-from-aligned,far-anchor,10,5,0,75 and 100,80
15,near-aligned,far-anchor,10,4,0,100,81
15,near-aligned,far-anchor,10,3,0,100,82
15,near-aligned,far-anchor,10,2,0,100,83
15,near-aligned,far-anchor,10,1,0,100,84
15,aligned,far-anchor,10,0,0,100,85
16,aligned,far-anchor,9,0,1,0,0
16,near-aligned,far-anchor,9,1,1,0,1
16,near-aligned,far-anchor,9,2,1,0,2
16,near-aligned,far-anchor,9,3,1,0,3
16,near-aligned,far-anchor,9,4,1,0,4
16,near-aligned,far-anchor,9,4,1,25,5
16,near-aligned,far-anchor,9,3,1,25,6
16,near-aligned,far-anchor,9,2,1,25,7
16,near-aligned,far-anchor,9,1,1,25,8
16,aligned,far-anchor,9,0,1,25,9
16,far-from-aligned,far-anchor,9,5,1,25,14
16,far-from-aligned,far-anchor,9,6,1,25,15
16,far-from-aligned,far-anchor,9,7,1,25,16
16,far-from-aligned,far-anchor,9,8,1,25 and 25,17
16,far-from-aligned,far-anchor,9,7,1,25,18
16,far-from-aligned,far-anchor,9,6,1,25,19
16,far-from-aligned,far-anchor,9,5,1,25,20
16,near-aligned,far-anchor,9,4,1,25,21
16,near-aligned,far-anchor,9,3,1,25,22
16,near-aligned,far-anchor,9,2,1,25,23
16,near-aligned,far-anchor,9,1,1,25,24
16,aligned,far-anchor,9,0,1,25,25
16,near-aligned,far-anchor,9,4,1,50,30
16,near-aligned,far-anchor,9,3,1,50,31
16,near-aligned,far-anchor,9,2,1,50,32
16,near-aligned,far-anchor,9,1,1,50,33
16,aligned,far-anchor,9,0,1,50,34
16,far-from-aligned,far-anchor,9,5,1,50,39
16,far-from-aligned,far-anchor,9,6,1,50,40
16,far-from-aligned,far-anchor,9,7,1,50,41
16,far-from-aligned,far-anchor,9,8,1,50 and 50,42
16,far-from-aligned,far-anchor,9,7,1,50,43
16,far-from-aligned,far-anchor,9,6,1,50,44
16,far-from-aligned,far-anchor,9,5,1,50,45
16,near-aligned,far-anchor,9,4,1,50,46
16,near-aligned,far-anchor,9,3,1,50,47
16,near-aligned,far-anchor,9,2,1,50,48
16,near-aligned,far-anchor,9,1,1,50,49
16,aligned,far-anchor,9,0,1,50,50
16,near-aligned,far-anchor,9,4,1,75,55
16,near-aligned,far-anchor,9,3,1,75,56
16,near-aligned,far-anchor,9,2,1,75,57
16,near-aligned,far-anchor,9,1,1,75,58
16,aligned,far-anchor,9,0,1,75,59
16,far-from-aligned,far-anchor,9,5,1,75,64
16,far-from-aligned,far-anchor,9,6,1,75,65
16,far-from-aligned,far-anchor,9,7,1,75,66
16,far-from-aligned,far-anchor,9,8,1,75 and 75,67
16,far-from-aligned,far-anchor,9,7,1,75,68
16,far-from-aligned,far-anchor,9,6,1,75,69
16,far-from-aligned,far-anchor,9,5,1,75,70
16,near-aligned,far-anchor,9,4,1,75,71
16,near-aligned,far-anchor,9,3,1,75,72
16,near-aligned,far-anchor,9,2,1,75,73
16,near-aligned,far-anchor,9,1,1,75,74
16,aligned,far-anchor,9,0,1,75,75
16,near-aligned,far-anchor,9,4,1,100,80
16,near-aligned,far-anchor,9,3,1,100,81
16,near-aligned,far-anchor,9,2,1,100,82
16,near-aligned,far-anchor,9,1,1,100,83
16,aligned,far-anchor,9,0,1,100,84
17,aligned,far-anchor,8,0,2,0,0
17,near-aligned,far-anchor,8,1,2,0,1
17,near-aligned,far-anchor,8,2,2,0,2
17,near-aligned,far-anchor,8,3,2,0,3
17,near-aligned,far-anchor,8,4,2,0 and 25,4
17,near-aligned,far-anchor,8,3,2,25,5
17,near-aligned,far-anchor,8,2,2,25,6
17,near-aligned,far-anchor,8,1,2,25,7
17,aligned,far-anchor,8,0,2,25,8
17,near-aligned,far-anchor,8,4,2,25,12
17,far-from-aligned,far-anchor,8,5,2,25,13
17,far-from-aligned,far-anchor,8,6,2,25,14
17,far-from-aligned,far-anchor,8,7,2,25,15
17,far-from-aligned,far-anchor,8,8,2,25,16
17,far-from-aligned,far-anchor,8,8,2,25,17
17,far-from-aligned,far-anchor,8,7,2,25,18
17,far-from-aligned,far-anchor,8,6,2,25,19
17,far-from-aligned,far-anchor,8,5,2,25,20
17,near-aligned,far-anchor,8,4,2,25,21
17,near-aligned,far-anchor,8,3,2,25,22
17,near-aligned,far-anchor,8,2,2,25,23
17,near-aligned,far-anchor,8,1,2,25,24
17,aligned,far-anchor,8,0,2,25,25
17,near-aligned,far-anchor,8,4,2,25 and 50,29
17,near-aligned,far-anchor,8,3,2,50,30
17,near-aligned,far-anchor,8,2,2,50,31
17,near-aligned,far-anchor,8,1,2,50,32
17,aligned,far-anchor,8,0,2,50,33
17,near-aligned,far-anchor,8,4,2,50,37
17,far-from-aligned,far-anchor,8,5,2,50,38
17,far-from-aligned,far-anchor,8,6,2,50,39
17,far-from-aligned,far-anchor,8,7,2,50,40
17,far-from-aligned,far-anchor,8,8,2,50,41
17,far-from-aligned,far-anchor,8,8,2,50,42
17,far-from-aligned,far-anchor,8,7,2,50,43
17,far-from-aligned,far-anchor,8,6,2,50,44
17,far-from-aligned,far-anchor,8,5,2,50,45
17,near-aligned,far-anchor,8,4,2,50,46
17,near-aligned,far-anchor,8,3,2,50,47
17,near-aligned,far-anchor,8,2,2,50,48
17,near-aligned,far-anchor,8,1,2,50,49
17,aligned,far-anchor,8,0,2,50,50
17,near-aligned,far-anchor,8,4,2,50 and 75,54
17,near-aligned,far-anchor,8,3,2,75,55
17,near-aligned,far-anchor,8,2,2,75,56
17,near-aligned,far-anchor,8,1,2,75,57
17,aligned,far-anchor,8,0,2,75,58
17,near-aligned,far-anchor,8,4,2,75,62
17,far-from-aligned,far-anchor,8,5,2,75,63
17,far-from-aligned,far-anchor,8,6,2,75,64
17,far-from-aligned,far-anchor,8,7,2,75,65
17,far-from-aligned,far-anchor,8,8,2,75,66
17,far-from-aligned,far-anchor,8,8,2,75,67
17,far-from-aligned,far-anchor,8,7,2,75,68
17,far-from-aligned,far-anchor,8,6,2,75,69
17,far-from-aligned,far-anchor,8,5,2,75,70
17,near-aligned,far-anchor,8,4,2,75,71
17,near-aligned,far-anchor,8,3,2,75,72
17,near-aligned,far-anchor,8,2,2,75,73
17,near-aligned,far-anchor,8,1,2,75,74
17,aligned,far-anchor,8,0,2,75,75
17,near-aligned,far-anchor,8,4,2,75 and 100,79
17,near-aligned,far-anchor,8,3,2,100,80
17,near-aligned,far-anchor,8,2,2,100,81
17,near-aligned,far-anchor,8,1,2,100,82
17,aligned,far-anchor,8,0,2,100,83
18,aligned,far-anchor,7,0,2,0,0
18,near-aligned,far-anchor,7,1,2,0,1
18,near-aligned,far-anchor,7,2,2,0,2
18,near-aligned,far-anchor,7,3,2,0,3
18,near-aligned,far-anchor,7,3,2,25,4
18,near-aligned,far-anchor,7,2,2,25,5
18,near-aligned,far-anchor,7,1,2,25,6
18,aligned,far-anchor,7,0,2,25,7
18,near-aligned,far-anchor,7,4,2,25,11
18,far-from-aligned,far-anchor,7,5,2,25,12
18,far-from-aligned,far-anchor,7,6,2,25,13
18,far-from-aligned,far-anchor,7,7,2,25,14
18,far-from-aligned,far-anchor,7,8,2,25,15
18,far-from-aligned,far-anchor,7,9,2,25 and 25,16
18,far-from-aligned,far-anchor,7,8,2,25,17
18,far-from-aligned,far-anchor,7,7,2,25,18
18,far-from-aligned,far-anchor,7,6,2,25,19
18,far-from-aligned,far-anchor,7,5,2,25,20
18,near-aligned,far-anchor,7,4,2,25,21
18,near-aligned,far-anchor,7,3,2,25,22
18,near-aligned,far-anchor,7,2,2,25,23
18,near-aligned,far-anchor,7,1,2,25,24
18,aligned,far-anchor,7,0,2,25,25
18,near-aligned,far-anchor,7,3,2,50,29
18,near-aligned,far-anchor,7,2,2,50,30
18,near-aligned,far-anchor,7,1,2,50,31
18,aligned,far-anchor,7,0,2,50,32
18,near-aligned,far-anchor,7,4,2,50,36
18,far-from-aligned,far-anchor,7,5,2,50,37
18,far-from-aligned,far-anchor,7,6,2,50,38
18,far-from-aligned,far-anchor,7,7,2,50,39
18,far-from-aligned,far-anchor,7,8,2,50,40
18,far-from-aligned,far-anchor,7,9,2,50 and 50,41
18,far-from-aligned,far-anchor,7,8,2,50,42
18,far-from-aligned,far-anchor,7,7,2,50,43
18,far-from-aligned,far-anchor,7,6,2,50,44
18,far-from-aligned,far-anchor,7,5,2,50,45
18,near-aligned,far-anchor,7,4,2,50,46
18,near-aligned,far-anchor,7,3,2,50,47
18,near-aligned,far-anchor,7,2,2,50,48
18,near-aligned,far-anchor,7,1,2,50,49
18,aligned,far-anchor,7,0,2,50,50
18,near-aligned,far-anchor,7,3,2,75,54
18,near-aligned,far-anchor,7,2,2,75,55
18,near-aligned,far-anchor,7,1,2,75,56
18,aligned,far-anchor,7,0,2,75,57
18,near-aligned,far-anchor,7,4,2,75,61
18,far-from-aligned,far-anchor,7,5,2,75,62
18,far-from-aligned,far-anchor,7,6,2,75,63
18,far-from-aligned,far-anchor,7,7,2,75,64
18,far-from-aligned,far-anchor,7,8,2,75,65
18,far-from-aligned,far-anchor,7,9,2,75 and 75,66
18,far-from-aligned,far-anchor,7,8,2,75,67
18,far-from-aligned,far-anchor,7,7,2,75,68
18,far-from-aligned,far-anchor,7,6,2,75,69
18,far-from-aligned,far-anchor,7,5,2,75,70
18,near-aligned,far-anchor,7,4,2,75,71
18,near-aligned,far-anchor,7,3,2,75,72
18,near-aligned,far-anchor,7,2,2,75,73
18,near-aligned,far-anchor,7,1,2,75,74
18,aligned,far-anchor,7,0,2,75,75
18,near-aligned,far-anchor,7,3,2,100,79
18,near-aligned,far-anchor,7,2,2,100,80
18,near-aligned,far-anchor,7,1,2,100,81
18,aligned,far-anchor,7,0,2,100,82
19,aligned,far-anchor,6,0,1,0,0
19,near-aligned,far-anchor,6,1,1,0,1
19,near-aligned,far-anchor,6,2,1,0,2
19,near-aligned,far-anchor,6,3,1,0 and 25,3
19,near-aligned,far-anchor,6,2,1,25,4
19,near-aligned,far-anchor,6,1,1,25,5
19,aligned,far-anchor,6,0,1,25,6
19,near-aligned,far-anchor,6,3,1,25,9
19,near-aligned,far-anchor,6,4,1,25,10
19,far-from-aligned,far-anchor,6,5,1,25,11
19,far-from-aligned,far-anchor,6,6,1,25,12
19,far-from-aligned,far-anchor,6,7,1,25,13
19,far-from-aligned,far-anchor,6,8,1,25,14
19,far-from-aligned,far-anchor,6,9,1,25,15
19,far-from-aligned,far-anchor,6,9,1,25,16
19,far-from-aligned,far-anchor,6,8,1,25,17
19,far-from-aligned,far-anchor,6,7,1,25,18
19,far-from-aligned,far-anchor,6,6,1,25,19
19,far-from-aligned,far-anchor,6,5,1,25,20
19,near-aligned,far-anchor,6,4,1,25,21
19,near-aligned,far-anchor,6,3,1,25,22
19,near-aligned,far-anchor,6,2,1,25,23
19,near-aligned,far-anchor,6,1,1,25,24
19,aligned,far-anchor,6,0,1,25,25
19,near-aligned,far-anchor,6,3,1,25 and 50,28
19,near-aligned,far-anchor,6,2,1,50,29
19,near-aligned,far-anchor,6,1,1,50,30
19,aligned,far-anchor,6,0,1,50,31
19,near-aligned,far-anchor,6,3,1,50,34
19,near-aligned,far-anchor,6,4,1,50,35
19,far-from-aligned,far-anchor,6,5,1,50,36
19,far-from-aligned,far-anchor,6,6,1,50,37
19,far-from-aligned,far-anchor,6,7,1,50,38
19,far-from-aligned,far-anchor,6,8,1,50,39
19,far-from-aligned,far-anchor,6,9,1,50,40
19,far-from-aligned,far-anchor,6,9,1,50,41
19,far-from-aligned,far-anchor,6,8,1,50,42
19,far-from-aligned,far-anchor,6,7,1,50,43
19,far-from-aligned,far-anchor,6,6,1,50,44
19,far-from-aligned,far-anchor,6,5,1,50,45
19,near-aligned,far-anchor,6,4,1,50,46
19,near-aligned,far-anchor,6,3,1,50,47
19,near-aligned,far-anchor,6,2,1,50,48
19,near-aligned,far-anchor,6,1,1,50,49
19,aligned,far-anchor,6,0,1,50,50
19,near-aligned,far-anchor,6,3,1,50 and 75,53
19,near-aligned,far-anchor,6,2,1,75,54
19,near-aligned,far-anchor,6,1,1,75,55
19,aligned,far-anchor,6,0,1,75,56
19,near-aligned,far-anchor,6,3,1,75,59
19,near-aligned,far-anchor,6,4,1,75,60
19,far-from-aligned,far-anchor,6,5,1,75,61
19,far-from-aligned,far-anchor,6,6,1,75,62
19,far-from-aligned,far-anchor,6,7,1,75,63
19,far-from-aligned,far-anchor,6,8,1,75,64
19,far-from-aligned,far-anchor,6,9,1,75,65
19,far-from-aligned,far-anchor,6,9,1,75,66
19,far-from-aligned,far-anchor,6,8,1,75,67
19,far-from-aligned,far-anchor,6,7,1,75,68
19,far-from-aligned,far-anchor,6,6,1,75,69
19,far-from-aligned,far-anchor,6,5,1,75,70
19,near-aligned,far-anchor,6,4,1,75,71
19,near-aligned,far-anchor,6,3,1,75,72
19,near-aligned,far-anchor,6,2,1,75,73
19,near-aligned,far-anchor,6,1,1,75,74
19,aligned,far-anchor,6,0,1,75,75
19,near-aligned,far-anchor,6,3,1,75 and 100,78
19,near-aligned,far-anchor,6,2,1,100,79
19,near-aligned,far-anchor,6,1,1,100,80
19,aligned,far-anchor,6,0,1,100,81
20,aligned,far-anchor,5,0,0,0,0
20,near-aligned,far-anchor,5,1,0,0,1
20,near-aligned,far-anchor,5,2,0,0,2
20,near-aligned,far-anchor,5,2,0,25,3
20,near-aligned,far-anchor,5,1,0,25,4
20,aligned,far-anchor,5,0,0,25,5
20,near-aligned,far-anchor,5,3,0,25,8
20,near-aligned,far-anchor,5,4,0,25,9
20,far-from-aligned,far-anchor,5,5,0,25,10
20,far-from-aligned,far-anchor,5,6,0,25,11
20,far-from-aligned,far-anchor,5,7,0,25,12
20,far-from-aligned,far-anchor,5,8,0,25,13
20,far-from-aligned,far-anchor,5,9,0,25,14
20,far-from-aligned,far-anchor,5,10,0,25 and 25,15
20,far-from-aligned,far-anchor,5,9,0,25,16
20,far-from-aligned,far-anchor,5,8,0,25,17
20,far-from-aligned,far-anchor,5,7,0,25,18
20,far-from-aligned,far-anchor,5,6,0,25,19
20,far-from-aligned,far-anchor,5,5,0,25,20
20,near-aligned,far-anchor,5,4,0,25,21
20,near-aligned,far-anchor,5,3,0,25,22
20,near-aligned,far-anchor,5,2,0,25,23
20,near-aligned,far-anchor,5,1,0,25,24
20,aligned,far-anchor,5,0,0,25,25
20,near-aligned,far-anchor,5,2,0,50,28
20,near-aligned,far-anchor,5,1,0,50,29
20,aligned,far-anchor,5,0,0,50,30
20,near-aligned,far-anchor,5,3,0,50,33
20,near-aligned,far-anchor,5,4,0,50,34
20,far-from-aligned,far-anchor,5,5,0,50,35
20,far-from-aligned,far-anchor,5,6,0,50,36
20,far-from-aligned,far-anchor,5,7,0,50,37
20,far-from-aligned,far-anchor,5,8,0,50,38
20,far-from-aligned,far-anchor,5,9,0,50,39
20,far-from-aligned,far-anchor,5,10,0,50 and 50,40
20,far-from-aligned,far-anchor,5,9,0,50,41
20,far-from-aligned,far-anchor,5,8,0,50,42
20,far-from-aligned,far-anchor,5,7,0,50,43
20,far-from-aligned,far-anchor,5,6,0,50,44
20,far-from-aligned,far-anchor,5,5,0,50,45
20,near-aligned,far-anchor,5,4,0,50,46
20,near-aligned,far-anchor,5,3,0,50,47
20,near-aligned,far-anchor,5,2,0,50,48
20,near-aligned,far-anchor,5,1,0,50,49
20,aligned,far-anchor,5,0,0,50,50
20,near-aligned,far-anchor,5,2,0,75,53
20,near-aligned,far-anchor,5,1,0,75,54
20,aligned,far-anchor,5,0,0,75,55
20,near-aligned,far-anchor,5,3,0,75,58
20,near-aligned,far-anchor,5,4,0,75,59
20,far-from-aligned,far-anchor,5,5,0,75,60
20,far-from-aligned,far-anchor,5,6,0,75,61
20,far-from-aligned,far-anchor,5,7,0,75,62
20,far-from-aligned,far-anchor,5,8,0,75,63
20,far-from-aligned,far-anchor,5,9,0,75,64
20,far-from-aligned,far-anchor,5,10,0,75 and 75,65
20,far-from-aligned,far-anchor,5,9,0,75,66
20,far-from-aligned,far-anchor,5,8,0,75,67
20,far-from-aligned,far-anchor,5,7,0,75,68
20,far-from-aligned,far-anchor,5,6,0,75,69
20,far-from-aligned,far-anchor,5,5,0,75,70
20,near-aligned,far-anchor,5,4,0,75,71
20,near-aligned,far-anchor,5,3,0,75,72
20,near-aligned,far-anchor,5,2,0,75,73
20,near-aligned,far-anchor,5,1,0,75,74
20,aligned,far-anchor,5,0,0,75,75
20,near-aligned,far-anchor,5,2,0,100,78
20,near-aligned,far-anchor,5,1,0,100,79
20,aligned,far-anchor,5,0,0,100,80
21,aligned,near-anchor,4,0,1,0,0
21,near-aligned,near-anchor,4,1,1,0,1
21,near-aligned,near-anchor,4,2,1,0 and 25,2
21,near-aligned,near-anchor,4,1,1,25,3
21,aligned,near-anchor,4,0,1,25,4
21,near-aligned,near-anchor,4,2,1,25,6
21,near-aligned,near-anchor,4,3,1,25,7
21,near-aligned,near-anchor,4,4,1,25,8
21,far-from-aligned,near-anchor,4,5,1,25,9
21,far-from-aligned,near-anchor,4,6,1,25,10
21,far-from-aligned,near-anchor,4,7,1,25,11
21,far-from-aligned,near-anchor,4,8,1,25,12
21,far-from-aligned,near-anchor,4,9,1,25,13
21,far-from-aligned,near-anchor,4,10,1,25,14
21,far-from-aligned,near-anchor,4,10,1,25,15
21,far-from-aligned,near-anchor,4,9,1,25,16
21,far-from-aligned,near-anchor,4,8,1,25,17
21,far-from-aligned,near-anchor,4,7,1,25,18
21,far-from-aligned,near-anchor,4,6,1,25,19
21,far-from-aligned,near-anchor,4,5,1,25,20
21,near-aligned,near-anchor,4,4,1,25,21
21,near-aligned,near-anchor,4,3,1,25,22
21,near-aligned,near-anchor,4,2,1,25,23
21,near-aligned,near-anchor,4,1,1,25,24
21,aligned,near-anchor,4,0,1,25,25
21,near-aligned,near-anchor,4,2,1,25 and 50,27
21,near-aligned,near-anchor,4,1,1,50,28
21,aligned,near-anchor,4,0,1,50,29
21,near-aligned,near-anchor,4,2,1,50,31
21,near-aligned,near-anchor,4,3,1,50,32
21,near-aligned,near-anchor,4,4,1,50,33
21,far-from-aligned,near-anchor,4,5,1,50,34
21,far-from-aligned,near-anchor,4,6,1,50,35
21,far-from-aligned,near-anchor,4,7,1,50,36
21,far-from-aligned,near-anchor,4,8,1,50,37
21,far-from-aligned,near-anchor,4,9,1,50,38
21,far-from-aligned,near-anchor,4,10,1,50,39
21,far-from-aligned,near-anchor,4,10,1,50,40
21,far-from-aligned,near-anchor,4,9,1,50,41
21,far-from-aligned,near-anchor,4,8,1,50,42
21,far-from-aligned,near-anchor,4,7,1,50,43
21,far-from-aligned,near-anchor,4,6,1,50,44
21,far-from-aligned,near-anchor,4,5,1,50,45
21,near-aligned,near-anchor,4,4,1,50,46
21,near-aligned,near-anchor,4,3,1,50,47
21,near-aligned,near-anchor,4,2,1,50,48
21,near-aligned,near-anchor,4,1,1,50,49
21,aligned,near-anchor,4,0,1,50,50
21,near-aligned,near-anchor,4,2,1,50 and 75,52
21,near-aligned,near-anchor,4,1,1,75,53
21,aligned,near-anchor,4,0,1,75,54
21,near-aligned,near-anchor,4,2,1,75,56
21,near-aligned,near-anchor,4,3,1,75,57
21,near-aligned,near-anchor,4,4,1,75,58
21,far-from-aligned,near-anchor,4,5,1,75,59
21,far-from-aligned,near-anchor,4,6,1,75,60
21,far-from-aligned,near-anchor,4,7,1,75,61
21,far-from-aligned,near-anchor,4,8,1,75,62
21,far-from-aligned,near-anchor,4,9,1,75,63
21,far-from-aligned,near-anchor,4,10,1,75,64
21,far-from-aligned,near-anchor,4,10,1,75,65
21,far-from-aligned,near-anchor,4,9,1,75,66
21,far-from-aligned,near-anchor,4,8,1,75,67
21,far-from-aligned,near-anchor,4,7,1,75,68
21,far-from-aligned,near-anchor,4,6,1,75,69
21,far-from-aligned,near-anchor,4,5,1,75,70
21,near-aligned,near-anchor,4,4,1,75,71
21,near-aligned,near-anchor,4,3,1,75,72
21,near-aligned,near-anchor,4,2,1,75,73
21,near-aligned,near-anchor,4,1,1,75,74
21,aligned,near-anchor,4,0,1,75,75
21,near-aligned,near-anchor,4,2,1,75 and 100,77
21,near-aligned,near-anchor,4,1,1,100,78
21,aligned,near-anchor,4,0,1,100,79
22,aligned,near-anchor,3,0,2,0,0
22,near-aligned,near-anchor,3,1,2,0,1
22,near-aligned,near-anchor,3,1,2,25,2
22,aligned,near-anchor,3,0,2,25,3
22,near-aligned,near-anchor,3,2,2,25,5
22,near-aligned,near-anchor,3,3,2,25,6
22,near-aligned,near-anchor,3,4,2,25,7
22,far-from-aligned,near-anchor,3,5,2,25,8
22,far-from-aligned,near-anchor,3,6,2,25,9
22,far-from-aligned,near-anchor,3,7,2,25,10
22,far-from-aligned,near-anchor,3,8,2,25,11
22,far-from-aligned,near-anchor,3,9,2,25,12
22,far-from-aligned,near-anchor,3,10,2,25,13
22,far-from-aligned,near-anchor,3,11,2,25 and 25,14
22,far-from-aligned,near-anchor,3,10,2,25,15
22,far-from-aligned,near-anchor,3,9,2,25,16
22,far-from-aligned,near-anchor,3,8,2,25,17
22,far-from-aligned,near-anchor,3,7,2,25,18
22,far-from-aligned,near-anchor,3,6,2,25,19
22,far-from-aligned,near-anchor,3,5,2,25,20
22,near-aligned,near-anchor,3,4,2,25,21
22,near-aligned,near-anchor,3,3,2,25,22
22,near-aligned,near-anchor,3,2,2,25,23
22,near-aligned,near-anchor,3,1,2,25,24
22,aligned,near-anchor,3,0,2,25,25
22,near-aligned,near-anchor,3,1,2,50,27
22,aligned,near-anchor,3,0,2,50,28
22,near-aligned,near-anchor,3,2,2,50,30
22,near-aligned,near-anchor,3,3,2,50,31
22,near-aligned,near-anchor,3,4,2,50,32
22,far-from-aligned,near-anchor,3,5,2,50,33
22,far-from-aligned,near-anchor,3,6,2,50,34
22,far-from-aligned,near-anchor,3,7,2,50,35
22,far-from-aligned,near-anchor,3,8,2,50,36
22,far-from-aligned,near-anchor,3,9,2,50,37
22,far-from-aligned,near-anchor,3,10,2,50,38
22,far-from-aligned,near-anchor,3,11,2,50 and 50,39
22,far-from-aligned,near-anchor,3,10,2,50,40
22,far-from-aligned,near-anchor,3,9,2,50,41
22,far-from-aligned,near-anchor,3,8,2,50,42
22,far-from-aligned,near-anchor,3,7,2,50,43
22,far-from-aligned,near-anchor,3,6,2,50,44
22,far-from-aligned,near-anchor,3,5,2,50,45
22,near-aligned,near-anchor,3,4,2,50,46
22,near-aligned,near-anchor,3,3,2,50,47
22,near-aligned,near-anchor,3,2,2,50,48
22,near-aligned,near-anchor,3,1,2,50,49
22,aligned,near-anchor,3,0,2,50,50
22,near-aligned,near-anchor,3,1,2,75,52
22,aligned,near-anchor,3,0,2,75,53
22,near-aligned,near-anchor,3,2,2,75,55
22,near-aligned,near-anchor,3,3,2,75,56
22,near-aligned,near-anchor,3,4,2,75,57
22,far-from-aligned,near-anchor,3,5,2,75,58
22,far-from-aligned,near-anchor,3,6,2,75,59
22,far-from-aligned,near-anchor,3,7,2,75,60
22,far-from-aligned,near-anchor,3,8,2,75,61
22,far-from-aligned,near-anchor,3,9,2,75,62
22,far-from-aligned,near-anchor,3,10,2,75,63
22,far-from-aligned,near-anchor,3,11,2,75 and 75,64
22,far-from-aligned,near-anchor,3,10,2,75,65
22,far-from-aligned,near-anchor,3,9,2,75,66
22,far-from-aligned,near-anchor,3,8,2,75,67
22,far-from-aligned,near-anchor,3,7,2,75,68
22,far-from-aligned,near-anchor,3,6,2,75,69
22,far-from-aligned,near-anchor,3,5,2,75,70
22,near-aligned,near-anchor,3,4,2,75,71
22,near-aligned,near-anchor,3,3,2,75,72
22,near-aligned,near-anchor,3,2,2,75,73
22,near-aligned,near-anchor,3,1,2,75,74
22,aligned,near-anchor,3,0,2,75,75
22,near-aligned,near-anchor,3,1,2,100,77
22,aligned,near-anchor,3,0,2,100,78
23,aligned,near-anchor,2,0,2,0,0
23,near-aligned,near-anchor,2,1,2,0 and 25,1
23,aligned,near-anchor,2,0,2,25,2
23,near-aligned,near-anchor,2,1,2,25,3
23,near-aligned,near-anchor,2,2,2,25,4
23,near-aligned,near-anchor,2,3,2,25,5
23,near-aligned,near-anchor,2,4,2,25,6
23,far-from-aligned,near-anchor,2,5,2,25,7
23,far-from-aligned,near-anchor,2,6,2,25,8
23,far-from-aligned,near-anchor,2,7,2,25,9
23,far-from-aligned,near-anchor,2,8,2,25,10
23,far-from-aligned,near-anchor,2,9,2,25,11
23,far-from-aligned,near-anchor,2,10,2,25,12
23,far-from-aligned,near-anchor,2,11,2,25,13
23,far-from-aligned,near-anchor,2,11,2,25,14
23,far-from-aligned,near-anchor,2,10,2,25,15
23,far-from-aligned,near-anchor,2,9,2,25,16
23,far-from-aligned,near-anchor,2,8,2,25,17
23,far-from-aligned,near-anchor,2,7,2,25,18
23,far-from-aligned,near-anchor,2,6,2,25,19
23,far-from-aligned,near-anchor,2,5,2,25,20
23,near-aligned,near-anchor,2,4,2,25,21
23,near-aligned,near-anchor,2,3,2,25,22
23,near-aligned,near-anchor,2,2,2,25,23
23,near-aligned,near-anchor,2,1,2,25,24
23,aligned,near-anchor,2,0,2,25,25
23,near-aligned,near-anchor,2,1,2,25 and 50,26
23,aligned,near-anchor,2,0,2,50,27
23,near-aligned,near-anchor,2,1,2,50,28
23,near-aligned,near-anchor,2,2,2,50,29
23,near-aligned,near-anchor,2,3,2,50,30
23,near-aligned,near-anchor,2,4,2,50,31
23,far-from-aligned,near-anchor,2,5,2,50,32
23,far-from-aligned,near-anchor,2,6,2,50,33
23,far-from-aligned,near-anchor,2,7,2,50,34
23,far-from-aligned,near-anchor,2,8,2,50,35
23,far-from-aligned,near-anchor,2,9,2,50,36
23,far-from-aligned,near-anchor,2,10,2,50,37
23,far-from-aligned,near-anchor,2,11,2,50,38
23,far-from-aligned,near-anchor,2,11,2,50,39
23,far-from-aligned,near-anchor,2,10,2,50,40
23,far-from-aligned,near-anchor,2,9,2,50,41
23,far-from-aligned,near-anchor,2,8,2,50,42
23,far-from-aligned,near-anchor,2,7,2,50,43
23,far-from-aligned,near-anchor,2,6,2,50,44
23,far-from-aligned,near-anchor,2,5,2,50,45
23,near-aligned,near-anchor,2,4,2,50,46
23,near-aligned,near-anchor,2,3,2,50,47
23,near-aligned,near-anchor,2,2,2,50,48
23,near-aligned,near-anchor,2,1,2,50,49
23,aligned,near-anchor,2,0,2,50,50
23,near-aligned,near-anchor,2,1,2,50 and 75,51
23,aligned,near-anchor,2,0,2,75,52
23,near-aligned,near-anchor,2,1,2,75,53
23,near-aligned,near-anchor,2,2,2,75,54
23,near-aligned,near-anchor,2,3,2,75,55
23,near-aligned,near-anchor,2,4,2,75,56
23,far-from-aligned,near-anchor,2,5,2,75,57
23,far-from-aligned,near-anchor,2,6,2,75,58
23,far-from-aligned,near-anchor,2,7,2,75,59
23,far-from-aligned,near-anchor,2,8,2,75,60
23,far-from-aligned,near-anchor,2,9,2,75,61
23,far-from-aligned,near-anchor,2,10,2,75,62
23,far-from-aligned,near-anchor,2,11,2,75,63
23,far-from-aligned,near-anchor,2,11,2,75,64
23,far-from-aligned,near-anchor,2,10,2,75,65
23,far-from-aligned,near-anchor,2,9,2,75,66
23,far-from-aligned,near-anchor,2,8,2,75,67
23,far-from-aligned,near-anchor,2,7,2,75,68
23,far-from-aligned,near-anchor,2,6,2,75,69
23,far-from-aligned,near-anchor,2,5,2,75,70
23,near-aligned,near-anchor,2,4,2,75,71
23,near-aligned,near-anchor,2,3,2,75,72
23,near-aligned,near-anchor,2,2,2,75,73
23,near-aligned,near-anchor,2,1,2,75,74
23,aligned,near-anchor,2,0,2,75,75
23,near-aligned,near-anchor,2,1,2,75 and 100,76
23,aligned,near-anchor,2,0,2,100,77
24,aligned,near-anchor,1,0,1,0,0
24,aligned,near-anchor,1,0,1,25,1
24,near-aligned,near-anchor,1,1,1,25,2
24,near-aligned,near-anchor,1,2,1,25,3
24,near-aligned,near-anchor,1,3,1,25,4
24,near-aligned,near-anchor,1,4,1,25,5
24,far-from-aligned,near-anchor,1,5,1,25,6
24,far-from-aligned,near-anchor,1,6,1,25,7
24,far-from-aligned,near-anchor,1,7,1,25,8
24,far-from-aligned,near-anchor,1,8,1,25,9
24,far-from-aligned,near-anchor,1,9,1,25,10
24,far-from-aligned,near-anchor,1,10,1,25,11
24,far-from-aligned,near-anchor,1,11,1,25,12
24,far-from-aligned,near-anchor,1,12,1,25 and 25,13
24,far-from-aligned,near-anchor,1,11,1,25,14
24,far-from-aligned,near-anchor,1,10,1,25,15
24,far-from-aligned,near-anchor,1,9,1,25,16
24,far-from-aligned,near-anchor,1,8,1,25,17
24,far-from-aligned,near-anchor,1,7,1,25,18
24,far-from-aligned,near-anchor,1,6,1,25,19
24,far-from-aligned,near-anchor,1,5,1,25,20
24,near-aligned,near-anchor,1,4,1,25,21
24,near-aligned,near-anchor,1,3,1,25,22
24,near-aligned,near-anchor,1,2,1,25,23
24,near-aligned,near-anchor,1,1,1,25,24
24,aligned,near-anchor,1,0,1,25,25
24,aligned,near-anchor,1,0,1,50,26
24,near-aligned,near-anchor,1,1,1,50,27
24,near-aligned,near-anchor,1,2,1,50,28
24,near-aligned,near-anchor,1,3,1,50,29
24,near-aligned,near-anchor,1,4,1,50,30
24,far-from-aligned,near-anchor,1,5,1,50,31
24,far-from-aligned,near-anchor,1,6,1,50,32
24,far-from-aligned,near-anchor,1,7,1,50,33
24,far-from-aligned,near-anchor,1,8,1,50,34
24,far-from-aligned,near-anchor,1,9,1,50,35
24,far-from-aligned,near-anchor,1,10,1,50,36
24,far-from-aligned,near-anchor,1,11,1,50,37
24,far-from-aligned,near-anchor,1,12,1,50 and 50,38
24,far-from-aligned,near-anchor,1,11,1,50,39
24,far-from-aligned,near-anchor,1,10,1,50,40
24,far-from-aligned,near-anchor,1,9,1,50,41
24,far-from-aligned,near-anchor,1,8,1,50,42
24,far-from-aligned,near-anchor,1,7,1,50,43
24,far-from-aligned,near-anchor,1,6,1,50,44
24,far-from-aligned,near-anchor,1,5,1,50,45
24,near-aligned,near-anchor,1,4,1,50,46
24,near-aligned,near-anchor,1,3,1,50,47
24,near-aligned,near-anchor,1,2,1,50,48
24,near-aligned,near-anchor,1,1,1,50,49
24,aligned,near-anchor,1,0,1,50,50
24,aligned,near-anchor,1,0,1,75,51
24,near-aligned,near-anchor,1,1,1,75,52
24,near-aligned,near-anchor,1,2,1,75,53
24,near-aligned,near-anchor,1,3,1,75,54
24,near-aligned,near-anchor,1,4,1,75,55
24,far-from-aligned,near-anchor,1,5,1,75,56
24,far-from-aligned,near-anchor,1,6,1,75,57
24,far-from-aligned,near-anchor,1,7,1,75,58
24,far-from-aligned,near-anchor,1,8,1,75,59
24,far-from-aligned,near-anchor,1,9,1,75,60
24,far-from-aligned,near-anchor,1,10,1,75,61
24,far-from-aligned,near-anchor,1,11,1,75,62
24,far-from-aligned,near-anchor,1,12,1,75 and 75,63
24,far-from-aligned,near-anchor,1,11,1,75,64
24,far-from-aligned,near-anchor,1,10,1,75,65
24,far-from-aligned,near-anchor,1,9,1,75,66
24,far-from-aligned,near-anchor,1,8,1,75,67
24,far-from-aligned,near-anchor,1,7,1,75,68
24,far-from-aligned,near-anchor,1,6,1,75,69
24,far-from-aligned,near-anchor,1,5,1,75,70
24,near-aligned,near-anchor,1,4,1,75,71
24,near-aligned,near-anchor,1,3,1,75,72
24,near-aligned,near-anchor,1,2,1,75,73
24,near-aligned,near-anchor,1,1,1,75,74
24,aligned,near-anchor,1,0,1,75,75
24,aligned,near-anchor,1,0,1,100,76
25,aligned,anchor,0,0,0,0 and 25,0
25,near-aligned,anchor,0,1,0,0 and 25,1
25,near-aligned,anchor,0,2,0,0 and 25,2
25,near-aligned,anchor,0,3,0,0 and 25,3
25,near-aligned,anchor,0,4,0,0 and 25,4
25,far-from-aligned,anchor,0,5,0,0 and 25,5
25,far-from-aligned,anchor,0,6,0,0 and 25,6
25,far-from-aligned,anchor,0,7,0,0 and 25,7
25,far-from-aligned,anchor,0,8,0,0 and 25,8
25,far-from-aligned,anchor,0,9,0,0 and 25,9
25,far-from-aligned,anchor,0,10,0,0 and 25,10
25,far-from-aligned,anchor,0,11,0,0 and 25,11
25,far-from-aligned,anchor,0,12,0,0 and 25,12
25,far-from-aligned,anchor,0,12,0,25 and 50,13
25,far-from-aligned,anchor,0,11,0,25 and 50,14
25,far-from-aligned,anchor,0,10,0,25 and 50,15
25,far-from-aligned,anchor,0,9,0,25 and 50,16
25,far-from-aligned,anchor,0,8,0,25 and 50,17
25,far-from-aligned,anchor,0,7,0,25 and 50,18
25,far-from-aligned,anchor,0,6,0,25 and 50,19
25,far-from-aligned,anchor,0,5,0,25 and 50,20
25,near-aligned,anchor,0,4,0,25 and 50,21
25,near-aligned,anchor,0,3,0,25 and 50,22
25,near-aligned,anchor,0,2,0,25 and 50,23
25,near-aligned,anchor,0,1,0,25 and 50,24
25,aligned,anchor,0,0,0,25 and 50,25
25,far-from-aligned,anchor,0,12,0,50 and 75,38
25,far-from-aligned,anchor,0,11,0,50 and 75,39
25,far-from-aligned,anchor,0,10,0,50 and 75,40
25,far-from-aligned,anchor,0,9,0,50 and 75,41
25,far-from-aligned,anchor,0,8,0,50 and 75,42
25,far-from-aligned,anchor,0,7,0,50 and 75,43
25,far-from-aligned,anchor,0,6,0,50 and 75,44
25,far-from-aligned,anchor,0,5,0,50 and 75,45
25,near-aligned,anchor,0,4,0,50 and 75,46
25,near-aligned,anchor,0,3,0,50 and 75,47
25,near-aligned,anchor,0,2,0,50 and 75,48
25,near-aligned,anchor,0,1,0,50 and 75,49
25,aligned,anchor,0,0,0,50 and 75,50
25,far-from-aligned,anchor,0,12,0,75 and 100,63
25,far-from-aligned,anchor,0,11,0,75 and 100,64
25,far-from-aligned,anchor,0,10,0,75 and 100,65
25,far-from-aligned,anchor,0,9,0,75 and 100,66
25,far-from-aligned,anchor,0,8,0,75 and 100,67
25,far-from-aligned,anchor,0,7,0,75 and 100,68
25,far-from-aligned,anchor,0,6,0,75 and 100,69
25,far-from-aligned,anchor,0,5,0,75 and 100,70
25,near-aligned,anchor,0,4,0,75 and 100,71
25,near-aligned,anchor,0,3,0,75 and 100,72
25,near-aligned,anchor,0,2,0,75 and 100,73
25,near-aligned,anchor,0,1,0,75 and 100,74
25,aligned,anchor,0,0,0,75 and 100,75
26,aligned,near-anchor,1,0,1,0,0
26,near-aligned,near-anchor,1,1,1,0,1
26,near-aligned,near-anchor,1,2,1,0,2
26,near-aligned,near-anchor,1,3,1,0,3
26,near-aligned,near-anchor,1,4,1,0,4
26,far-from-aligned,near-anchor,1,5,1,0,5
26,far-from-aligned,near-anchor,1,6,1,0,6
26,far-from-aligned,near-anchor,1,7,1,0,7
26,far-from-aligned,near-anchor,1,8,1,0,8
26,far-from-aligned,near-anchor,1,9,1,0,9
26,far-from-aligned,near-anchor,1,10,1,0,10
26,far-from-aligned,near-anchor,1,11,1,0,11
26,far-from-aligned,near-anchor,1,12,1,0 and 50,12
26,far-from-aligned,near-anchor,1,11,1,50,13
26,far-from-aligned,near-anchor,1,10,1,50,14
26,far-from-aligned,near-anchor,1,9,1,50,15
26,far-from-aligned,near-anchor,1,8,1,50,16
26,far-from-aligned,near-anchor,1,7,1,50,17
26,far-from-aligned,near-anchor,1,6,1,50,18
26,far-from-aligned,near-anchor,1,5,1,50,19
26,near-aligned,near-anchor,1,4,1,50,20
26,near-aligned,near-anchor,1,3,1,50,21
26,near-aligned,near-anchor,1,2,1,50,22
26,near-aligned,near-anchor,1,1,1,50,23
26,aligned,near-anchor,1,0,1,50,24
26,aligned,near-anchor,1,0,1,25,25
26,near-aligned,near-anchor,1,1,1,25,26
26,near-aligned,near-anchor,1,2,1,25,27
26,near-aligned,near-anchor,1,3,1,25,28
26,near-aligned,near-anchor,1,4,1,25,29
26,far-from-aligned,near-anchor,1,5,1,25,30
26,far-from-aligned,near-anchor,1,6,1,25,31
26,far-from-aligned,near-anchor,1,7,1,25,32
26,far-from-aligned,near-anchor,1,8,1,25,33
26,far-from-aligned,near-anchor,1,9,1,25,34
26,far-from-aligned,near-anchor,1,10,1,25,35
26,far-from-aligned,near-anchor,1,11,1,25,36
26,far-from-aligned,near-anchor,1,12,1,25 and 75,37
26,far-from-aligned,near-anchor,1,11,1,75,38
26,far-from-aligned,near-anchor,1,10,1,75,39
26,far-from-aligned,near-anchor,1,9,1,75,40
26,far-from-aligned,near-anchor,1,8,1,75,41
26,far-from-aligned,near-anchor,1,7,1,75,42
26,far-from-aligned,near-anchor,1,6,1,75,43
26,far-from-aligned,near-anchor,1,5,1,75,44
26,near-aligned,near-anchor,1,4,1,75,45
26,near-aligned,near-anchor,1,3,1,75,46
26,near-aligned,near-anchor,1,2,1,75,47
26,near-aligned,near-anchor,1,1,1,75,48
26,aligned,near-anchor,1,0,1,75,49
26,aligned,near-anchor,1,0,1,50,50
26,near-aligned,near-anchor,1,1,1,50,51
26,near-aligned,near-anchor,1,2,1,50,52
26,near-aligned,near-anchor,1,3,1,50,53
26,near-aligned,near-anchor,1,4,1,50,54
26,far-from-aligned,near-anchor,1,5,1,50,55
26,far-from-aligned,near-anchor,1,6,1,50,56
26,far-from-aligned,near-anchor,1,7,1,50,57
26,far-from-aligned,near-anchor,1,8,1,50,58
26,far-from-aligned,near-anchor,1,9,1,50,59
26,far-from-aligned,near-anchor,1,10,1,50,60
26,far-from-aligned,near-anchor,1,11,1,50,61
26,far-from-aligned,near-anchor,1,12,1,50 and 100,62
26,far-from-aligned,near-anchor,1,11,1,100,63
26,far-from-aligned,near-anchor,1,10,1,100,64
26,far-from-aligned,near-anchor,1,9,1,100,65
26,far-from-aligned,near-anchor,1,8,1,100,66
26,far-from-aligned,near-anchor,1,7,1,100,67
26,far-from-aligned,near-anchor,1,6,1,100,68
26,far-from-aligned,near-anchor,1,5,1,100,69
26,near-aligned,near-anchor,1,4,1,100,70
26,near-aligned,near-anchor,1,3,1,100,71
26,near-aligned,near-anchor,1,2,1,100,72
26,near-aligned,near-anchor,1,1,1,100,73
26,aligned,near-anchor,1,0,1,100,74
27,aligned,near-anchor,2,0,2,0,0
27,near-aligned,near-anchor,2,1,2,0,1
27,near-aligned,near-anchor,2,2,2,0,2
27,near-aligned,near-anchor,2,3,2,0,3
27,near-aligned,near-anchor,2,4,2,0,4
27,far-from-aligned,near-anchor,2,5,2,0,5
27,far-from-aligned,near-anchor,2,6,2,0,6
27,far-from-aligned,near-anchor,2,7,2,0,7
27,far-from-aligned,near-anchor,2,8,2,0,8
27,far-from-aligned,near-anchor,2,9,2,0,9
27,far-from-aligned,near-anchor,2,10,2,0,10
27,far-from-aligned,near-anchor,2,11,2,0,11
27,far-from-aligned,near-anchor,2,11,2,50,12
27,far-from-aligned,near-anchor,2,10,2,50,13
27,far-from-aligned,near-anchor,2,9,2,50,14
27,far-from-aligned,near-anchor,2,8,2,50,15
27,far-from-aligned,near-anchor,2,7,2,50,16
27,far-from-aligned,near-anchor,2,6,2,50,17
27,far-from-aligned,near-anchor,2,5,2,50,18
27,near-aligned,near-anchor,2,4,2,50,19
27,near-aligned,near-anchor,2,3,2,50,20
27,near-aligned,near-anchor,2,2,2,50,21
27,near-aligned,near-anchor,2,1,2,50,22
27,aligned,near-anchor,2,0,2,50,23
27,near-aligned,near-anchor,2,1,2,25 and 50,24
27,aligned,near-anchor,2,0,2,25,25
27,near-aligned,near-anchor,2,1,2,25,26
27,near-aligned,near-anchor,2,2,2,25,27
27,near-aligned,near-anchor,2,3,2,25,28
27,near-aligned,near-anchor,2,4,2,25,29
27,far-from-aligned,near-anchor,2,5,2,25,30
27,far-from-aligned,near-anchor,2,6,2,25,31
27,far-from-aligned,near-anchor,2,7,2,25,32
27,far-from-aligned,near-anchor,2,8,2,25,33
27,far-from-aligned,near-anchor,2,9,2,25,34
27,far-from-aligned,near-anchor,2,10,2,25,35
27,far-from-aligned,near-anchor,2,11,2,25,36
27,far-from-aligned,near-anchor,2,11,2,75,37
27,far-from-aligned,near-anchor,2,10,2,75,38
27,far-from-aligned,near-anchor,2,9,2,75,39
27,far-from-aligned,near-anchor,2,8,2,75,40
27,far-from-aligned,near-anchor,2,7,2,75,41
27,far-from-aligned,near-anchor,2,6,2,75,42
27,far-from-aligned,near-anchor,2,5,2,75,43
27,near-aligned,near-anchor,2,4,2,75,44
27,near-aligned,near-anchor,2,3,2,75,45
27,near-aligned,near-anchor,2,2,2,75,46
27,near-aligned,near-anchor,2,1,2,75,47
27,aligned,near-anchor,2,0,2,75,48
27,near-aligned,near-anchor,2,1,2,50 and 75,49
27,aligned,near-anchor,2,0,2,50,50
27,near-aligned,near-anchor,2,1,2,50,51
27,near-aligned,near-anchor,2,2,2,50,52
27,near-aligned,near-anchor,2,3,2,50,53
27,near-aligned,near-anchor,2,4,2,50,54
27,far-from-aligned,near-anchor,2,5,2,50,55
27,far-from-aligned,near-anchor,2,6,2,50,56
27,far-from-aligned,near-anchor,2,7,2,50,57
27,far-from-aligned,near-anchor,2,8,2,50,58
27,far-from-aligned,near-anchor,2,9,2,50,59
27,far-from-aligned,near-anchor,2,10,2,50,60
27,far-from-aligned,near-anchor,2,11,2,50,61
27,far-from-aligned,near-anchor,2,11,2,100,62
27,far-from-aligned,near-anchor,2,10,2,100,63
27,far-from-aligned,near-anchor,2,9,2,100,64
27,far-from-aligned,near-anchor,2,8,2,100,65
27,far-from-aligned,near-anchor,2,7,2,100,66
27,far-from-aligned,near-anchor,2,6,2,100,67
27,far-from-aligned,near-anchor,2,5,2,100,68
27,near-aligned,near-anchor,2,4,2,100,69
27,near-aligned,near-anchor,2,3,2,100,70
27,near-aligned,near-anchor,2,2,2,100,71
27,near-aligned,near-anchor,2,1,2,100,72
27,aligned,near-anchor,2,0,2,100,73
28,aligned,near-anchor,3,0,2,0,0
28,near-aligned,near-anchor,3,1,2,0,1
28,near-aligned,near-anchor,3,2,2,0,2
28,near-aligned,near-anchor,3,3,2,0,3
28,near-aligned,near-anchor,3,4,2,0,4
28,far-from-aligned,near-anchor,3,5,2,0,5
28,far-from-aligned,near-anchor,3,6,2,0,6
28,far-from-aligned,near-anchor,3,7,2,0,7
28,far-from-aligned,near-anchor,3,8,2,0,8
28,far-from-aligned,near-anchor,3,9,2,0,9
28,far-from-aligned,near-anchor,3,10,2,0,10
28,far-from-aligned,near-anchor,3,11,2,0 and 50,11
28,far-from-aligned,near-anchor,3,10,2,50,12
28,far-from-aligned,near-anchor,3,9,2,50,13
28,far-from-aligned,near-anchor,3,8,2,50,14
28,far-from-aligned,near-anchor,3,7,2,50,15
28,far-from-aligned,near-anchor,3,6,2,50,16
28,far-from-aligned,near-anchor,3,5,2,50,17
28,near-aligned,near-anchor,3,4,2,50,18
28,near-aligned,near-anchor,3,3,2,50,19
28,near-aligned,near-anchor,3,2,2,50,20
28,near-aligned,near-anchor,3,1,2,50,21
28,aligned,near-anchor,3,0,2,50,22
28,near-aligned,near-anchor,3,1,2,25,24
28,aligned,near-anchor,3,0,2,25,25
28,near-aligned,near-anchor,3,2,2,25,27
28,near-aligned,near-anchor,3,3,2,25,28
28,near-aligned,near-anchor,3,4,2,25,29
28,far-from-aligned,near-anchor,3,5,2,25,30
28,far-from-aligned,near-anchor,3,6,2,25,31
28,far-from-aligned,near-anchor,3,7,2,25,32
28,far-from-aligned,near-anchor,3,8,2,25,33
28,far-from-aligned,near-anchor,3,9,2,25,34
28,far-from-aligned,near-anchor,3,10,2,25,35
28,far-from-aligned,near-anchor,3,11,2,25 and 75,36
28,far-from-aligned,near-anchor,3,10,2,75,37
28,far-from-aligned,near-anchor,3,9,2,75,38
28,far-from-aligned,near-anchor,3,8,2,75,39
28,far-from-aligned,near-anchor,3,7,2,75,40
28,far-from-aligned,near-anchor,3,6,2,75,41
28,far-from-aligned,near-anchor,3,5,2,75,42
28,near-aligned,near-anchor,3,4,2,75,43
28,near-aligned,near-anchor,3,3,2,75,44
28,near-aligned,near-anchor,3,2,2,75,45
28,near-aligned,near-anchor,3,1,2,75,46
28,aligned,near-anchor,3,0,2,75,47
28,near-aligned,near-anchor,3,1,2,50,49
28,aligned,near-anchor,3,0,2,50,50
28,near-aligned,near-anchor,3,2,2,50,52
28,near-aligned,near-anchor,3,3,2,50,53
28,near-aligned,near-anchor,3,4,2,50,54
28,far-from-aligned,near-anchor,3,5,2,50,55
28,far-from-aligned,near-anchor,3,6,2,50,56
28,far-from-aligned,near-anchor,3,7,2,50,57
28,far-from-aligned,near-anchor,3,8,2,50,58
28,far-from-aligned,near-anchor,3,9,2,50,59
28,far-from-aligned,near-anchor,3,10,2,50,60
28,far-from-aligned,near-anchor,3,11,2,50 and 100,61
28,far-from-aligned,near-anchor,3,10,2,100,62
28,far-from-aligned,near-anchor,3,9,2,100,63
28,far-from-aligned,near-anchor,3,8,2,100,64
28,far-from-aligned,near-anchor,3,7,2,100,65
28,far-from-aligned,near-anchor,3,6,2,100,66
28,far-from-aligned,near-anchor,3,5,2,100,67
28,near-aligned,near-anchor,3,4,2,100,68
28,near-aligned,near-anchor,3,3,2,100,69
28,near-aligned,near-anchor,3,2,2,100,70
28,near-aligned,near-anchor,3,1,2,100,71
28,aligned,near-anchor,3,0,2,100,72
29,aligned,near-anchor,4,0,1,0,0
29,near-aligned,near-anchor,4,1,1,0,1
29,near-aligned,near-anchor,4,2,1,0,2
29,near-aligned,near-anchor,4,3,1,0,3
29,near-aligned,near-anchor,4,4,1,0,4
29,far-from-aligned,near-anchor,4,5,1,0,5
29,far-from-aligned,near-anchor,4,6,1,0,6
29,far-from-aligned,near-anchor,4,7,1,0,7
29,far-from-aligned,near-anchor,4,8,1,0,8
29,far-from-aligned,near-anchor,4,9,1,0,9
29,far-from-aligned,near-anchor,4,10,1,0,10
29,far-from-aligned,near-anchor,4,10,1,50,11
29,far-from-aligned,near-anchor,4,9,1,50,12
29,far-from-aligned,near-anchor,4,8,1,50,13
29,far-from-aligned,near-anchor,4,7,1,50,14
29,far-from-aligned,near-anchor,4,6,1,50,15
29,far-from-aligned,near-anchor,4,5,1,50,16
29,near-aligned,near-anchor,4,4,1,50,17
29,near-aligned,near-anchor,4,3,1,50,18
29,near-aligned,near-anchor,4,2,1,50,19
29,near-aligned,near-anchor,4,1,1,50,20
29,aligned,near-anchor,4,0,1,50,21
29,near-aligned,near-anchor,4,2,1,25 and 50,23
29,near-aligned,near-anchor,4,1,1,25,24
29,aligned,near-anchor,4,0,1,25,25
29,near-aligned,near-anchor,4,2,1,25,27
29,near-aligned,near-anchor,4,3,1,25,28
29,near-aligned,near-anchor,4,4,1,25,29
29,far-from-aligned,near-anchor,4,5,1,25,30
29,far-from-aligned,near-anchor,4,6,1,25,31
29,far-from-aligned,near-anchor,4,7,1,25,32
29,far-from-aligned,near-anchor,4,8,1,25,33
29,far-from-aligned,near-anchor,4,9,1,25,34
29,far-from-aligned,near-anchor,4,10,1,25,35
29,far-from-aligned,near-anchor,4,10,1,75,36
29,far-from-aligned,near-anchor,4,9,1,75,37
29,far-from-aligned,near-anchor,4,8,1,75,38
29,far-from-aligned,near-anchor,4,7,1,75,39
29,far-from-aligned,near-anchor,4,6,1,75,40
29,far-from-aligned,near-anchor,4,5,1,75,41
29,near-aligned,near-anchor,4,4,1,75,42
29,near-aligned,near-anchor,4,3,1,75,43
29,near-aligned,near-anchor,4,2,1,75,44
29,near-aligned,near-anchor,4,1,1,75,45
29,aligned,near-anchor,4,0,1,75,46
29,near-aligned,near-anchor,4,2,1,50 and 75,48
29,near-aligned,near-anchor,4,1,1,50,49
29,aligned,near-anchor,4,0,1,50,50
29,near-aligned,near-anchor,4,2,1,50,52
29,near-aligned,near-anchor,4,3,1,50,53
29,near-aligned,near-anchor,4,4,1,50,54
29,far-from-aligned,near-anchor,4,5,1,50,55
29,far-from-aligned,near-anchor,4,6,1,50,56
29,far-from-aligned,near-anchor,4,7,1,50,57
29,far-from-aligned,near-anchor,4,8,1,50,58
29,far-from-aligned,near-anchor,4,9,1,50,59
29,far-from-aligned,near-anchor,4,10,1,50,60
29,far-from-aligned,near-anchor,4,10,1,100,61
29,far-from-aligned,near-anchor,4,9,1,100,62
29,far-from-aligned,near-anchor,4,8,1,100,63
29,far-from-aligned,near-anchor,4,7,1,100,64
29,far-from-aligned,near-anchor,4,6,1,100,65
29,far-from-aligned,near-anchor,4,5,1,100,66
29,near-aligned,near-anchor,4,4,1,100,67
29,near-aligned,near-anchor,4,3,1,100,68
29,near-aligned,near-anchor,4,2,1,100,69
29,near-aligned,near-anchor,4,1,1,100,70
29,aligned,near-anchor,4,0,1,100,71
30,aligned,far-anchor,5,0,0,0,0
30,near-aligned,far-anchor,5,1,0,0,1
30,near-aligned,far-anchor,5,2,0,0,2
30,near-aligned,far-anchor,5,3,0,0,3
30,near-aligned,far-anchor,5,4,0,0,4
30,far-from-aligned,far-anchor,5,5,0,0,5
30,far-from-aligned,far-anchor,5,6,0,0,6
30,far-from-aligned,far-anchor,5,7,0,0,7
30,far-from-aligned,far-anchor,5,8,0,0,8
30,far-from-aligned,far-anchor,5,9,0,0,9
30,far-from-aligned,far-anchor,5,10,0,0 and 50,10
30,far-from-aligned,far-anchor,5,9,0,50,11
30,far-from-aligned,far-anchor,5,8,0,50,12
30,far-from-aligned,far-anchor,5,7,0,50,13
30,far-from-aligned,far-anchor,5,6,0,50,14
30,far-from-aligned,far-anchor,5,5,0,50,15
30,near-aligned,far-anchor,5,4,0,50,16
30,near-aligned,far-anchor,5,3,0,50,17
30,near-aligned,far-anchor,5,2,0,50,18
30,near-aligned,far-anchor,5,1,0,50,19
30,aligned,far-anchor,5,0,0,50,20
30,near-aligned,far-anchor,5,2,0,25,23
30,near-aligned,far-anchor,5,1,0,25,24
30,aligned,far-anchor,5,0,0,25,25
30,near-aligned,far-anchor,5,3,0,25,28
30,near-aligned,far-anchor,5,4,0,25,29
30,far-from-aligned,far-anchor,5,5,0,25,30
30,far-from-aligned,far-anchor,5,6,0,25,31
30,far-from-aligned,far-anchor,5,7,0,25,32
30,far-from-aligned,far-anchor,5,8,0,25,33
30,far-from-aligned,far-anchor,5,9,0,25,34
30,far-from-aligned,far-anchor,5,10,0,25 and 75,35
30,far-from-aligned,far-anchor,5,9,0,75,36
30,far-from-aligned,far-anchor,5,8,0,75,37
30,far-from-aligned,far-anchor,5,7,0,75,38
30,far-from-aligned,far-anchor,5,6,0,75,39
30,far-from-aligned,far-anchor,5,5,0,75,40
30,near-aligned,far-anchor,5,4,0,75,41
30,near-aligned,far-anchor,5,3,0,75,42
30,near-aligned,far-anchor,5,2,0,75,43
30,near-aligned,far-anchor,5,1,0,75,44
30,aligned,far-anchor,5,0,0,75,45
30,near-aligned,far-anchor,5,2,0,50,48
30,near-aligned,far-anchor,5,1,0,50,49
30,aligned,far-anchor,5,0,0,50,50
30,near-aligned,far-anchor,5,3,0,50,53
30,near-aligned,far-anchor,5,4,0,50,54
30,far-from-aligned,far-anchor,5,5,0,50,55
30,far-from-aligned,far-anchor,5,6,0,50,56
30,far-from-aligned,far-anchor,5,7,0,50,57
30,far-from-aligned,far-anchor,5,8,0,50,58
30,far-from-aligned,far-anchor,5,9,0,50,59
30,far-from-aligned,far-anchor,5,10,0,50 and 100,60
30,far-from-aligned,far-anchor,5,9,0,100,61
30,far-from-aligned,far-anchor,5,8,0,100,62
30,far-from-aligned,far-anchor,5,7,0,100,63
30,far-from-aligned,far-anchor,5,6,0,100,64
30,far-from-aligned,far-anchor,5,5,0,100,65
30,near-aligned,far-anchor,5,4,0,100,66
30,near-aligned,far-anchor,5,3,0,100,67
30,near-aligned,far-anchor,5,2,0,100,68
30,near-aligned,far-anchor,5,1,0,100,69
30,aligned,far-anchor,5,0,0,100,70
31,aligned,far-anchor,6,0,1,0,0
31,near-aligned,far-anchor,6,1,1,0,1
31,near-aligned,far-anchor,6,2,1,0,2
31,near-aligned,far-anchor,6,3,1,0,3
31,near-aligned,far-anchor,6,4,1,0,4
31,far-from-aligned,far-anchor,6,5,1,0,5
31,far-from-aligned,far-anchor,6,6,1,0,6
31,far-from-aligned,far-anchor,6,7,1,0,7
31,far-from-aligned,far-anchor,6,8,1,0,8
31,far-from-aligned,far-anchor,6,9,1,0,9
31,far-from-aligned,far-anchor,6,9,1,50,10
31,far-from-aligned,far-anchor,6,8,1,50,11
31,far-from-aligned,far-anchor,6,7,1,50,12
31,far-from-aligned,far-anchor,6,6,1,50,13
31,far-from-aligned,far-anchor,6,5,1,50,14
31,near-aligned,far-anchor,6,4,1,50,15
31,near-aligned,far-anchor,6,3,1,50,16
31,near-aligned,far-anchor,6,2,1,50,17
31,near-aligned,far-anchor,6,1,1,50,18
31,aligned,far-anchor,6,0,1,50,19
31,near-aligned,far-anchor,6,3,1,25 and 50,22
31,near-aligned,far-anchor,6,2,1,25,23
31,near-aligned,far-anchor,6,1,1,25,24
31,aligned,far-anchor,6,0,1,25,25
31,near-aligned,far-anchor,6,3,1,25,28
31,near-aligned,far-anchor,6,4,1,25,29
31,far-from-aligned,far-anchor,6,5,1,25,30
31,far-from-aligned,far-anchor,6,6,1,25,31
31,far-from-aligned,far-anchor,6,7,1,25,32
31,far-from-aligned,far-anchor,6,8,1,25,33
31,far-from-aligned,far-anchor,6,9,1,25,34
31,far-from-aligned,far-anchor,6,9,1,75,35
31,far-from-aligned,far-anchor,6,8,1,75,36
31,far-from-aligned,far-anchor,6,7,1,75,37
31,far-from-aligned,far-anchor,6,6,1,75,38
31,far-from-aligned,far-anchor,6,5,1,75,39
31,near-aligned,far-anchor,6,4,1,75,40
31,near-aligned,far-anchor,6,3,1,75,41
31,near-aligned,far-anchor,6,2,1,75,42
31,near-aligned,far-anchor,6,1,1,75,43
31,aligned,far-anchor,6,0,1,75,44
31,near-aligned,far-anchor,6,3,1,50 and 75,47
31,near-aligned,far-anchor,6,2,1,50,48
31,near-aligned,far-anchor,6,1,1,50,49
31,aligned,far-anchor,6,0,1,50,50
31,near-aligned,far-anchor,6,3,1,50,53
31,near-aligned,far-anchor,6,4,1,50,54
31,far-from-aligned,far-anchor,6,5,1,50,55
31,far-from-aligned,far-anchor,6,6,1,50,56
31,far-from-aligned,far-anchor,6,7,1,50,57
31,far-from-aligned,far-anchor,6,8,1,50,58
31,far-from-aligned,far-anchor,6,9,1,50,59
31,far-from-aligned,far-anchor,6,9,1,100,60
31,far-from-aligned,far-anchor,6,8,1,100,61
31,far-from-aligned,far-anchor,6,7,1,100,62
31,far-from-aligned,far-anchor,6,6,1,100,63
31,far-from-aligned,far-anchor,6,5,1,100,64
31,near-aligned,far-anchor,6,4,1,100,65
31,near-aligned,far-anchor,6,3,1,100,66
31,near-aligned,far-anchor,6,2,1,100,67
31,near-aligned,far-anchor,6,1,1,100,68
31,aligned,far-anchor,6,0,1,100,69
32,aligned,far-anchor,7,0,2,0,0
32,near-aligned,far-anchor,7,1,2,0,1
32,near-aligned,far-anchor,7,2,2,0,2
32,near-aligned,far-anchor,7,3,2,0,3
32,near-aligned,far-anchor,7,4,2,0,4
32,far-from-aligned,far-anchor,7,5,2,0,5
32,far-from-aligned,far-anchor,7,6,2,0,6
32,far-from-aligned,far-anchor,7,7,2,0,7
32,far-from-aligned,far-anchor,7,8,2,0,8
32,far-from-aligned,far-anchor,7,9,2,0 and 50,9
32,far-from-aligned,far-anchor,7,8,2,50,10
32,far-from-aligned,far-anchor,7,7,2,50,11
32,far-from-aligned,far-anchor,7,6,2,50,12
32,far-from-aligned,far-anchor,7,5,2,50,13
32,near-aligned,far-anchor,7,4,2,50,14
32,near-aligned,far-anchor,7,3,2,50,15
32,near-aligned,far-anchor,7,2,2,50,16
32,near-aligned,far-anchor,7,1,2,50,17
32,aligned,far-anchor,7,0,2,50,18
32,near-aligned,far-anchor,7,3,2,25,22
32,near-aligned,far-anchor,7,2,2,25,23
32,near-aligned,far-anchor,7,1,2,25,24
32,aligned,far-anchor,7,0,2,25,25
32,near-aligned,far-anchor,7,4,2,25,29
32,far-from-aligned,far-anchor,7,5,2,25,30
32,far-from-aligned,far-anchor,7,6,2,25,31
32,far-from-aligned,far-anchor,7,7,2,25,32
32,far-from-aligned,far-anchor,7,8,2,25,33
32,far-from-aligned,far-anchor,7,9,2,25 and 75,34
32,far-from-aligned,far-anchor,7,8,2,75,35
32,far-from-aligned,far-anchor,7,7,2,75,36
32,far-from-aligned,far-anchor,7,6,2,75,37
32,far-from-aligned,far-anchor,7,5,2,75,38
32,near-aligned,far-anchor,7,4,2,75,39
32,near-aligned,far-anchor,7,3,2,75,40
32,near-aligned,far-anchor,7,2,2,75,41
32,near-aligned,far-anchor,7,1,2,75,42
32,aligned,far-anchor,7,0,2,75,43
32,near-aligned,far-anchor,7,3,2,50,47
32,near-aligned,far-anchor,7,2,2,50,48
32,near-aligned,far-anchor,7,1,2,50,49
32,aligned,far-anchor,7,0,2,50,50
32,near-aligned,far-anchor,7,4,2,50,54
32,far-from-aligned,far-anchor,7,5,2,50,55
32,far-from-aligned,far-anchor,7,6,2,50,56
32,far-from-aligned,far-anchor,7,7,2,50,57
32,far-from-aligned,far-anchor,7,8,2,50,58
32,far-from-aligned,far-anchor,7,9,2,50 and 100,59
32,far-from-aligned,far-anchor,7,8,2,100,60
32,far-from-aligned,far-anchor,7,7,2,100,61
32,far-from-aligned,far-anchor,7,6,2,100,62
32,far-from-aligned,far-anchor,7,5,2,100,63
32,near-aligned,far-anchor,7,4,2,100,64
32,near-aligned,far-anchor,7,3,2,100,65
32,near-aligned,far-anchor,7,2,2,100,66
32,near-aligned,far-anchor,7,1,2,100,67
32,aligned,far-anchor,7,0,2,100,68
33,aligned,far-anchor,8,0,2,0,0
33,near-aligned,far-anchor,8,1,2,0,1
33,near-aligned,far-anchor,8,2,2,0,2
33,near-aligned,far-anchor,8,3,2,0,3
33,near-aligned,far-anchor,8,4,2,0,4
33,far-from-aligned,far-anchor,8,5,2,0,5
33,far-from-aligned,far-anchor,8,6,2,0,6
33,far-from-aligned,far-anchor,8,7,2,0,7
33,far-from-aligned,far-anchor,8,8,2,0,8
33,far-from-aligned,far-anchor,8,8,2,50,9
33,far-from-aligned,far-anchor,8,7,2,50,10
33,far-from-aligned,far-anchor,8,6,2,50,11
33,far-from-aligned,far-anchor,8,5,2,50,12
33,near-aligned,far-anchor,8,4,2,50,13
33,near-aligned,far-anchor,8,3,2,50,14
33,near-aligned,far-anchor,8,2,2,50,15
33,near-aligned,far-anchor,8,1,2,50,16
33,aligned,far-anchor,8,0,2,50,17
33,near-aligned,far-anchor,8,4,2,25 and 50,21
33,near-aligned,far-anchor,8,3,2,25,22
33,near-aligned,far-anchor,8,2,2,25,23
33,near-aligned,far-anchor,8,1,2,25,24
33,aligned,far-anchor,8,0,2,25,25
33,near-aligned,far-anchor,8,4,2,25,29
33,far-from-aligned,far-anchor,8,5,2,25,30
33,far-from-aligned,far-anchor,8,6,2,25,31
33,far-from-aligned,far-anchor,8,7,2,25,32
33,far-from-aligned,far-anchor,8,8,2,25,33
33,far-from-aligned,far-anchor,8,8,2,75,34
33,far-from-aligned,far-anchor,8,7,2,75,35
33,far-from-aligned,far-anchor,8,6,2,75,36
33,far-from-aligned,far-anchor,8,5,2,75,37
33,near-aligned,far-anchor,8,4,2,75,38
33,near-aligned,far-anchor,8,3,2,75,39
33,near-aligned,far-anchor,8,2,2,75,40
33,near-aligned,far-anchor,8,1,2,75,41
33,aligned,far-anchor,8,0,2,75,42
33,near-aligned,far-anchor,8,4,2,50 and 75,46
33,near-aligned,far-anchor,8,3,2,50,47
33,near-aligned,far-anchor,8,2,2,50,48
33,near-aligned,far-anchor,8,1,2,50,49
33,aligned,far-anchor,8,0,2,50,50
33,near-aligned,far-anchor,8,4,2,50,54
33,far-from-aligned,far-anchor,8,5,2,50,55
33,far-from-aligned,far-anchor,8,6,2,50,56
33,far-from-aligned,far-anchor,8,7,2,50,57
33,far-from-aligned,far-anchor,8,8,2,50,58
33,far-from-aligned,far-anchor,8,8,2,100,59
33,far-from-aligned,far-anchor,8,7,2,100,60
33,far-from-aligned,far-anchor,8,6,2,100,61
33,far-from-aligned,far-anchor,8,5,2,100,62
33,near-aligned,far-anchor,8,4,2,100,63
33,near-aligned,far-anchor,8,3,2,100,64
33,near-aligned,far-anchor,8,2,2,100,65
33,near-aligned,far-anchor,8,1,2,100,66
33,aligned,far-anchor,8,0,2,100,67
34,aligned,far-anchor,9,0,1,0,0
34,near-aligned,far-anchor,9,1,1,0,1
34,near-aligned,far-anchor,9,2,1,0,2
34,near-aligned,far-anchor,9,3,1,0,3
34,near-aligned,far-anchor,9,4,1,0,4
34,far-from-aligned,far-anchor,9,5,1,0,5
34,far-from-aligned,far-anchor,9,6,1,0,6
34,far-from-aligned,far-anchor,9,7,1,0,7
34,far-from-aligned,far-anchor,9,8,1,0 and 50,8
34,far-from-aligned,far-anchor,9,7,1,50,9
34,far-from-aligned,far-anchor,9,6,1,50,10
34,far-from-aligned,far-anchor,9,5,1,50,11
34,near-aligned,far-anchor,9,4,1,50,12
34,near-aligned,far-anchor,9,3,1,50,13
34,near-aligned,far-anchor,9,2,1,50,14
34,near-aligned,far-anchor,9,1,1,50,15
34,aligned,far-anchor,9,0,1,50,16
34,near-aligned,far-anchor,9,4,1,25,21
34,near-aligned,far-anchor,9,3,1,25,22
34,near-aligned,far-anchor,9,2,1,25,23
34,near-aligned,far-anchor,9,1,1,25,24
34,aligned,far-anchor,9,0,1,25,25
34,far-from-aligned,far-anchor,9,5,1,25,30
34,far-from-aligned,far-anchor,9,6,1,25,31
34,far-from-aligned,far-anchor,9,7,1,25,32
34,far-from-aligned,far-anchor,9,8,1,25 and 75,33
34,far-from-aligned,far-anchor,9,7,1,75,34
34,far-from-aligned,far-anchor,9,6,1,75,35
34,far-from-aligned,far-anchor,9,5,1,75,36
34,near-aligned,far-anchor,9,4,1,75,37
34,near-aligned,far-anchor,9,3,1,75,38
34,near-aligned,far-anchor,9,2,1,75,39
34,near-aligned,far-anchor,9,1,1,75,40
34,aligned,far-anchor,9,0,1,75,41
34,near-aligned,far-anchor,9,4,1,50,46
34,near-aligned,far-anchor,9,3,1,50,47
34,near-aligned,far-anchor,9,2,1,50,48
34,near-aligned,far-anchor,9,1,1,50,49
34,aligned,far-anchor,9,0,1,50,50
34,far-from-aligned,far-anchor,9,5,1,50,55
34,far-from-aligned,far-anchor,9,6,1,50,56
34,far-from-aligned,far-anchor,9,7,1,50,57
34,far-from-aligned,far-anchor,9,8,1,50 and 100,58
34,far-from-aligned,far-anchor,9,7,1,100,59
34,far-from-aligned,far-anchor,9,6,1,100,60
34,far-from-aligned,far-anchor,9,5,1,100,61
34,near-aligned,far-anchor,9,4,1,100,62
34,near-aligned,far-anchor,9,3,1,100,63
34,near-aligned,far-anchor,9,2,1,100,64
34,near-aligned,far-anchor,9,1,1,100,65
34,aligned,far-anchor,9,0,1,100,66
35,aligned,far-anchor,10,0,0,0,0
35,near-aligned,far-anchor,10,1,0,0,1
35,near-aligned,far-anchor,10,2,0,0,2
35,near-aligned,far-anchor,10,3,0,0,3
35,near-aligned,far-anchor,10,4,0,0,4
35,far-from-aligned,far-anchor,10,5,0,0,5
35,far-from-aligned,far-anchor,10,6,0,0,6
35,far-from-aligned,far-anchor,10,7,0,0,7
35,far-from-aligned,far-anchor,10,7,0,50,8
35,far-from-aligned,far-anchor,10,6,0,50,9
35,far-from-aligned,far-anchor,10,5,0,50,10
35,near-aligned,far-anchor,10,4,0,50,11
35,near-aligned,far-anchor,10,3,0,50,12
35,near-aligned,far-anchor,10,2,0,50,13
35,near-aligned,far-anchor,10,1,0,50,14
35,aligned,far-anchor,10,0,0,50,15
35,far-from-aligned,far-anchor,10,5,0,25 and 50,20
35,near-aligned,far-anchor,10,4,0,25,21
35,near-aligned,far-anchor,10,3,0,25,22
35,near-aligned,far-anchor,10,2,0,25,23
35,near-aligned,far-anchor,10,1,0,25,24
35,aligned,far-anchor,10,0,0,25,25
35,far-from-aligned,far-anchor,10,5,0,25,30
35,far-from-aligned,far-anchor,10,6,0,25,31
35,far-from-aligned,far-anchor,10,7,0,25,32
35,far-from-aligned,far-anchor,10,7,0,75,33
35,far-from-aligned,far-anchor,10,6,0,75,34
35,far-from-aligned,far-anchor,10,5,0,75,35
35,near-aligned,far-anchor,10,4,0,75,36
35,near-aligned,far-anchor,10,3,0,75,37
35,near-aligned,far-anchor,10,2,0,75,38
35,near-aligned,far-anchor,10,1,0,75,39
35,aligned,far-anchor,10,0,0,75,40
35,far-from-aligned,far-anchor,10,5,0,50 and 75,45
35,near-aligned,far-anchor,10,4,0,50,46
35,near-aligned,far-anchor,10,3,0,50,47
35,near-aligned,far-anchor,10,2,0,50,48
35,near-aligned,far-anchor,10,1,0,50,49
35,aligned,far-anchor,10,0,0,50,50
35,far-from-aligned,far-anchor,10,5,0,50,55
35,far-from-aligned,far-anchor,10,6,0,50,56
35,far-from-aligned,far-anchor,10,7,0,50,57
35,far-from-aligned,far-anchor,10,7,0,100,58
35,far-from-aligned,far-anchor,10,6,0,100,59
35,far-from-aligned,far-anchor,10,5,0,100,60
35,near-aligned,far-anchor,10,4,0,100,61
35,near-aligned,far-anchor,10,3,0,100,62
35,near-aligned,far-anchor,10,2,0,100,63
35,near-aligned,far-anchor,10,1,0,100,64
35,aligned,far-anchor,10,0,0,100,65
36,aligned,far-anchor,11,0,1,0,0
36,near-aligned,far-anchor,11,1,1,0,1
36,near-aligned,far-anchor,11,2,1,0,2
36,near-aligned,far-anchor,11,3,1,0,3
36,near-aligned,far-anchor,11,4,1,0,4
36,far-from-aligned,far-anchor,11,5,1,0,5
36,far-from-aligned,far-anchor,11,6,1,0,6
36,far-from-aligned,far-anchor,11,7,1,0 and 50,7
36,far-from-aligned,far-anchor,11,6,1,50,8
36,far-from-aligned,far-anchor,11,5,1,50,9
36,near-aligned,far-anchor,11,4,1,50,10
36,near-aligned,far-anchor,11,3,1,50,11
36,near-aligned,far-anchor,11,2,1,50,12
36,near-aligned,far-anchor,11,1,1,50,13
36,aligned,far-anchor,11,0,1,50,14
36,far-from-aligned,far-anchor,11,5,1,25,20
36,near-aligned,far-anchor,11,4,1,25,21
36,near-aligned,far-anchor,11,3,1,25,22
36,near-aligned,far-anchor,11,2,1,25,23
36,near-aligned,far-anchor,11,1,1,25,24
36,aligned,far-anchor,11,0,1,25,25
36,far-from-aligned,far-anchor,11,6,1,25,31
36,far-from-aligned,far-anchor,11,7,1,25 and 75,32
36,far-from-aligned,far-anchor,11,6,1,75,33
36,far-from-aligned,far-anchor,11,5,1,75,34
36,near-aligned,far-anchor,11,4,1,75,35
36,near-aligned,far-anchor,11,3,1,75,36
36,near-aligned,far-anchor,11,2,1,75,37
36,near-aligned,far-anchor,11,1,1,75,38
36,aligned,far-anchor,11,0,1,75,39
36,far-from-aligned,far-anchor,11,5,1,50,45
36,near-aligned,far-anchor,11,4,1,50,46
36,near-aligned,far-anchor,11,3,1,50,47
36,near-aligned,far-anchor,11,2,1,50,48
36,near-aligned,far-anchor,11,1,1,50,49
36,aligned,far-anchor,11,0,1,50,50
36,far-from-aligned,far-anchor,11,6,1,50,56
36,far-from-aligned,far-anchor,11,7,1,50 and 100,57
36,far-from-aligned,far-anchor,11,6,1,100,58
36,far-from-aligned,far-anchor,11,5,1,100,59
36,near-aligned,far-anchor,11,4,1,100,60
36,near-aligned,far-anchor,11,3,1,100,61
36,near-aligned,far-anchor,11,2,1,100,62
36,near-aligned,far-anchor,11,1,1,100,63
36,aligned,far-anchor,11,0,1,100,64
37,aligned,far-anchor,12,0,2,0,0
37,near-aligned,far-anchor,12,1,2,0,1
37,near-aligned,far-anchor,12,2,2,0,2
37,near-aligned,far-anchor,12,3,2,0,3
37,near-aligned,far-anchor,12,4,2,0,4
37,far-from-aligned,far-anchor,12,5,2,0,5
37,far-from-aligned,far-anchor,12,6,2,0,6
37,far-from-aligned,far-anchor,12,6,2,50,7
37,far-from-aligned,far-anchor,12,5,2,50,8
37,near-aligned,far-anchor,12,4,2,50,9
37,near-aligned,far-anchor,12,3,2,50,10
37,near-aligned,far-anchor,12,2,2,50,11
37,near-aligned,far-anchor,12,1,2,50,12
37,aligned,far-anchor,12,0,2,50,13
37,far-from-aligned,far-anchor,12,6,2,25 and 50,19
37,far-from-aligned,far-anchor,12,5,2,25,20
37,near-aligned,far-anchor,12,4,2,25,21
37,near-aligned,far-anchor,12,3,2,25,22
37,near-aligned,far-anchor,12,2,2,25,23
37,near-aligned,far-anchor,12,1,2,25,24
37,aligned,far-anchor,12,0,2,25,25
37,far-from-aligned,far-anchor,12,6,2,25,31
37,far-from-aligned,far-anchor,12,6,2,75,32
37,far-from-aligned,far-anchor,12,5,2,75,33
37,near-aligned,far-anchor,12,4,2,75,34
37,near-aligned,far-anchor,12,3,2,75,35
37,near-aligned,far-anchor,12,2,2,75,36
37,near-aligned,far-anchor,12,1,2,75,37
37,aligned,far-anchor,12,0,2,75,38
37,far-from-aligned,far-anchor,12,6,2,50 and 75,44
37,far-from-aligned,far-anchor,12,5,2,50,45
37,near-aligned,far-anchor,12,4,2,50,46
37,near-aligned,far-anchor,12,3,2,50,47
37,near-aligned,far-anchor,12,2,2,50,48
37,near-aligned,far-anchor,12,1,2,50,49
37,aligned,far-anchor,12,0,2,50,50
37,far-from-aligned,far-anchor,12,6,2,50,56
37,far-from-aligned,far-anchor,12,6,2,100,57
37,far-from-aligned,far-anchor,12,5,2,100,58
37,near-aligned,far-anchor,12,4,2,100,59
37,near-aligned,far-anchor,12,3,2,100,60
37,near-aligned,far-anchor,12,2,2,100,61
37,near-aligned,far-anchor,12,1,2,100,62
37,aligned,far-anchor,12,0,2,100,63
38,aligned,far-anchor,12,0,2,0,0
38,near-aligned,far-anchor,12,1,2,0,1
38,near-aligned,far-anchor,12,2,2,0,2
38,near-aligned,far-anchor,12,3,2,0,3
38,near-aligned,far-anchor,12,4,2,0,4
38,far-from-aligned,far-anchor,12,5,2,0,5
38,far-from-aligned,far-anchor,12,6,2,0 and 50,6
38,far-from-aligned,far-anchor,12,5,2,50,7
38,near-aligned,far-anchor,12,4,2,50,8
38,near-aligned,far-anchor,12,3,2,50,9
38,near-aligned,far-anchor,12,2,2,50,10
38,near-aligned,far-anchor,12,1,2,50,11
38,aligned,far-anchor,12,0,2,50,12
38,far-from-aligned,far-anchor,12,6,2,50,18
38,far-from-aligned,far-anchor,12,6,2,25,19
38,far-from-aligned,far-anchor,12,5,2,25,20
38,near-aligned,far-anchor,12,4,2,25,21
38,near-aligned,far-anchor,12,3,2,25,22
38,near-aligned,far-anchor,12,2,2,25,23
38,near-aligned,far-anchor,12,1,2,25,24
38,aligned,far-anchor,12,0,2,25,25
38,far-from-aligned,far-anchor,12,6,2,25 and 75,31
38,far-from-aligned,far-anchor,12,5,2,75,32
38,near-aligned,far-anchor,12,4,2,75,33
38,near-aligned,far-anchor,12,3,2,75,34
38,near-aligned,far-anchor,12,2,2,75,35
38,near-aligned,far-anchor,12,1,2,75,36
38,aligned,far-anchor,12,0,2,75,37
38,far-from-aligned,far-anchor,12,6,2,75,43
38,far-from-aligned,far-anchor,12,6,2,50,44
38,far-from-aligned,far-anchor,12,5,2,50,45
38,near-aligned,far-anchor,12,4,2,50,46
38,near-aligned,far-anchor,12,3,2,50,47
38,near-aligned,far-anchor,12,2,2,50,48
38,near-aligned,far-anchor,12,1,2,50,49
38,aligned,far-anchor,12,0,2,50,50
38,far-from-aligned,far-anchor,12,6,2,50 and 100,56
38,far-from-aligned,far-anchor,12,5,2,100,57
38,near-aligned,far-anchor,12,4,2,100,58
38,near-aligned,far-anchor,12,3,2,100,59
38,near-aligned,far-anchor,12,2,2,100,60
38,near-aligned,far-anchor,12,1,2,100,61
38,aligned,far-anchor,12,0,2,100,62
39,aligned,far-anchor,11,0,1,0,0
39,near-aligned,far-anchor,11,1,1,0,1
39,near-aligned,far-anchor,11,2,1,0,2
39,near-aligned,far-anchor,11,3,1,0,3
39,near-aligned,far-anchor,11,4,1,0,4
39,far-from-aligned,far-anchor,11,5,1,0,5
39,far-from-aligned,far-anchor,11,5,1,50,6
39,near-aligned,far-anchor,11,4,1,50,7
39,near-aligned,far-anchor,11,3,1,50,8
39,near-aligned,far-anchor,11,2,1,50,9
39,near-aligned,far-anchor,11,1,1,50,10
39,aligned,far-anchor,11,0,1,50,11
39,far-from-aligned,far-anchor,11,6,1,50,17
39,far-from-aligned,far-anchor,11,7,1,25 and 50,18
39,far-from-aligned,far-anchor,11,6,1,25,19
39,far-from-aligned,far-anchor,11,5,1,25,20
39,near-aligned,far-anchor,11,4,1,25,21
39,near-aligned,far-anchor,11,3,1,25,22
39,near-aligned,far-anchor,11,2,1,25,23
39,near-aligned,far-anchor,11,1,1,25,24
39,aligned,far-anchor,11,0,1,25,25
39,far-from-aligned,far-anchor,11,5,1,75,31
39,near-aligned,far-anchor,11,4,1,75,32
39,near-aligned,far-anchor,11,3,1,75,33
39,near-aligned,far-anchor,11,2,1,75,34
39,near-aligned,far-anchor,11,1,1,75,35
39,aligned,far-anchor,11,0,1,75,36
39,far-from-aligned,far-anchor,11,6,1,75,42
39,far-from-aligned,far-anchor,11,7,1,50 and 75,43
39,far-from-aligned,far-anchor,11,6,1,50,44
39,far-from-aligned,far-anchor,11,5,1,50,45
39,near-aligned,far-anchor,11,4,1,50,46
39,near-aligned,far-anchor,11,3,1,50,47
39,near-aligned,far-anchor,11,2,1,50,48
39,near-aligned,far-anchor,11,1,1,50,49
39,aligned,far-anchor,11,0,1,50,50
39,far-from-aligned,far-anchor,11,5,1,100,56
39,near-aligned,far-anchor,11,4,1,100,57
39,near-aligned,far-anchor,11,3,1,100,58
39,near-aligned,far-anchor,11,2,1,100,59
39,near-aligned,far-anchor,11,1,1,100,60
39,aligned,far-anchor,11,0,1,100,61
40,aligned,far-anchor,10,0,0,0,0
40,near-aligned,far-anchor,10,1,0,0,1
40,near-aligned,far-anchor,10,2,0,0,2
40,near-aligned,far-anchor,10,3,0,0,3
40,near-aligned,far-anchor,10,4,0,0,4
40,far-from-aligned,far-anchor,10,5,0,0 and 50,5
40,near-aligned,far-anchor,10,4,0,50,6
40,near-aligned,far-anchor,10,3,0,50,7
40,near-aligned,far-anchor,10,2,0,50,8
40,near-aligned,far-anchor,10,1,0,50,9
40,aligned,far-anchor,10,0,0,50,10
40,far-from-aligned,far-anchor,10,5,0,50,15
40,far-from-aligned,far-anchor,10,6,0,50,16
40,far-from-aligned,far-anchor,10,7,0,50,17
40,far-from-aligned,far-anchor,10,7,0,25,18
40,far-from-aligned,far-anchor,10,6,0,25,19
40,far-from-aligned,far-anchor,10,5,0,25,20
40,near-aligned,far-anchor,10,4,0,25,21
40,near-aligned,far-anchor,10,3,0,25,22
40,near-aligned,far-anchor,10,2,0,25,23
40,near-aligned,far-anchor,10,1,0,25,24
40,aligned,far-anchor,10,0,0,25,25
40,far-from-aligned,far-anchor,10,5,0,25 and 75,30
40,near-aligned,far-anchor,10,4,0,75,31
40,near-aligned,far-anchor,10,3,0,75,32
40,near-aligned,far-anchor,10,2,0,75,33
40,near-aligned,far-anchor,10,1,0,75,34
40,aligned,far-anchor,10,0,0,75,35
40,far-from-aligned,far-anchor,10,5,0,75,40
40,far-from-aligned,far-anchor,10,6,0,75,41
40,far-from-aligned,far-anchor,10,7,0,75,42
40,far-from-aligned,far-anchor,10,7,0,50,43
40,far-from-aligned,far-anchor,10,6,0,50,44
40,far-from-aligned,far-anchor,10,5,0,50,45
40,near-aligned,far-anchor,10,4,0,50,46
40,near-aligned,far-anchor,10,3,0,50,47
40,near-aligned,far-anchor,10,2,0,50,48
40,near-aligned,far-anchor,10,1,0,50,49
40,aligned,far-anchor,10,0,0,50,50
40,far-from-aligned,far-anchor,10,5,0,50 and 100,55
40,near-aligned,far-anchor,10,4,0,100,56
40,near-aligned,far-anchor,10,3,0,100,57
40,near-aligned,far-anchor,10,2,0,100,58
40,near-aligned,far-anchor,10,1,0,100,59
40,aligned,far-anchor,10,0,0,100,60
41,aligned,far-anchor,9,0,1,0,0
41,near-aligned,far-anchor,9,1,1,0,1
41,near-aligned,far-anchor,9,2,1,0,2
41,near-aligned,far-anchor,9,3,1,0,3
41,near-aligned,far-anchor,9,4,1,0,4
41,near-aligned,far-anchor,9,4,1,50,5
41,near-aligned,far-anchor,9,3,1,50,6
41,near-aligned,far-anchor,9,2,1,50,7
41,near-aligned,far-anchor,9,1,1,50,8
41,aligned,far-anchor,9,0,1,50,9
41,far-from-aligned,far-anchor,9,5,1,50,14
41,far-from-aligned,far-anchor,9,6,1,50,15
41,far-from-aligned,far-anchor,9,7,1,50,16
41,far-from-aligned,far-anchor,9,8,1,25 and 50,17
41,far-from-aligned,far-anchor,9,7,1,25,18
41,far-from-aligned,far-anchor,9,6,1,25,19
41,far-from-aligned,far-anchor,9,5,1,25,20
41,near-aligned,far-anchor,9,4,1,25,21
41,near-aligned,far-anchor,9,3,1,25,22
41,near-aligned,far-anchor,9,2,1,25,23
41,near-aligned,far-anchor,9,1,1,25,24
41,aligned,far-anchor,9,0,1,25,25
41,near-aligned,far-anchor,9,4,1,75,30
41,near-aligned,far-anchor,9,3,1,75,31
41,near-aligned,far-anchor,9,2,1,75,32
41,near-aligned,far-anchor,9,1,1,75,33
41,aligned,far-anchor,9,0,1,75,34
41,far-from-aligned,far-anchor,9,5,1,75,39
41,far-from-aligned,far-anchor,9,6,1,75,40
41,far-from-aligned,far-anchor,9,7,1,75,41
41,far-from-aligned,far-anchor,9,8,1,50 and 75,42
41,far-from-aligned,far-anchor,9,7,1,50,43
41,far-from-aligned,far-anchor,9,6,1,50,44
41,far-from-aligned,far-anchor,9,5,1,50,45
41,near-aligned,far-anchor,9,4,1,50,46
41,near-aligned,far-anchor,9,3,1,50,47
41,near-aligned,far-anchor,9,2,1,50,48
41,near-aligned,far-anchor,9,1,1,50,49
41,aligned,far-anchor,9,0,1,50,50
41,near-aligned,far-anchor,9,4,1,100,55
41,near-aligned,far-anchor,9,3,1,100,56
41,near-aligned,far-anchor,9,2,1,100,57
41,near-aligned,far-anchor,9,1,1,100,58
41,aligned,far-anchor,9,0,1,100,59
42,aligned,far-anchor,8,0,2,0,0
42,near-aligned,far-anchor,8,1,2,0,1
42,near-aligned,far-anchor,8,2,2,0,2
42,near-aligned,far-anchor,8,3,2,0,3
42,near-aligned,far-anchor,8,4,2,0 and 50,4
42,near-aligned,far-anchor,8,3,2,50,5
42,near-aligned,far-anchor,8,2,2,50,6
42,near-aligned,far-anchor,8,1,2,50,7
42,aligned,far-anchor,8,0,2,50,8
42,near-aligned,far-anchor,8,4,2,50,12
42,far-from-aligned,far-anchor,8,5,2,50,13
42,far-from-aligned,far-anchor,8,6,2,50,14
42,far-from-aligned,far-anchor,8,7,2,50,15
42,far-from-aligned,far-anchor,8,8,2,50,16
42,far-from-aligned,far-anchor,8,8,2,25,17
42,far-from-aligned,far-anchor,8,7,2,25,18
42,far-from-aligned,far-anchor,8,6,2,25,19
42,far-from-aligned,far-anchor,8,5,2,25,20
42,near-aligned,far-anchor,8,4,2,25,21
42,near-aligned,far-anchor,8,3,2,25,22
42,near-aligned,far-anchor,8,2,2,25,23
42,near-aligned,far-anchor,8,1,2,25,24
42,aligned,far-anchor,8,0,2,25,25
42,near-aligned,far-anchor,8,4,2,25 and 75,29
42,near-aligned,far-anchor,8,3,2,75,30
42,near-aligned,far-anchor,8,2,2,75,31
42,near-aligned,far-anchor,8,1,2,75,32
42,aligned,far-anchor,8,0,2,75,33
42,near-aligned,far-anchor,8,4,2,75,37
42,far-from-aligned,far-anchor,8,5,2,75,38
42,far-from-aligned,far-anchor,8,6,2,75,39
42,far-from-aligned,far-anchor,8,7,2,75,40
42,far-from-aligned,far-anchor,8,8,2,75,41
42,far-from-aligned,far-anchor,8,8,2,50,42
42,far-from-aligned,far-anchor,8,7,2,50,43
42,far-from-aligned,far-anchor,8,6,2,50,44
42,far-from-aligned,far-anchor,8,5,2,50,45
42,near-aligned,far-anchor,8,4,2,50,46
42,near-aligned,far-anchor,8,3,2,50,47
42,near-aligned,far-anchor,8,2,2,50,48
42,near-aligned,far-anchor,8,1,2,50,49
42,aligned,far-anchor,8,0,2,50,50
42,near-aligned,far-anchor,8,4,2,50 and 100,54
42,near-aligned,far-anchor,8,3,2,100,55
42,near-aligned,far-anchor,8,2,2,100,56
42,near-aligned,far-anchor,8,1,2,100,57
42,aligned,far-anchor,8,0,2,100,58
43,aligned,far-anchor,7,0,2,0,0
43,near-aligned,far-anchor,7,1,2,0,1
43,near-aligned,far-anchor,7,2,2,0,2
43,near-aligned,far-anchor,7,3,2,0,3
43,near-aligned,far-anchor,7,3,2,50,4
43,near-aligned,far-anchor,7,2,2,50,5
43,near-aligned,far-anchor,7,1,2,50,6
43,aligned,far-anchor,7,0,2,50,7
43,near-aligned,far-anchor,7,4,2,50,11
43,far-from-aligned,far-anchor,7,5,2,50,12
43,far-from-aligned,far-anchor,7,6,2,50,13
43,far-from-aligned,far-anchor,7,7,2,50,14
43,far-from-aligned,far-anchor,7,8,2,50,15
43,far-from-aligned,far-anchor,7,9,2,25 and 50,16
43,far-from-aligned,far-anchor,7,8,2,25,17
43,far-from-aligned,far-anchor,7,7,2,25,18
43,far-from-aligned,far-anchor,7,6,2,25,19
43,far-from-aligned,far-anchor,7,5,2,25,20
43,near-aligned,far-anchor,7,4,2,25,21
43,near-aligned,far-anchor,7,3,2,25,22
43,near-aligned,far-anchor,7,2,2,25,23
43,near-aligned,far-anchor,7,1,2,25,24
43,aligned,far-anchor,7,0,2,25,25
43,near-aligned,far-anchor,7,3,2,75,29
43,near-aligned,far-anchor,7,2,2,75,30
43,near-aligned,far-anchor,7,1,2,75,31
43,aligned,far-anchor,7,0,2,75,32
43,near-aligned,far-anchor,7,4,2,75,36
43,far-from-aligned,far-anchor,7,5,2,75,37
43,far-from-aligned,far-anchor,7,6,2,75,38
43,far-from-aligned,far-anchor,7,7,2,75,39
43,far-from-aligned,far-anchor,7,8,2,75,40
43,far-from-aligned,far-anchor,7,9,2,50 and 75,41
43,far-from-aligned,far-anchor,7,8,2,50,42
43,far-from-aligned,far-anchor,7,7,2,50,43
43,far-from-aligned,far-anchor,7,6,2,50,44
43,far-from-aligned,far-anchor,7,5,2,50,45
43,near-aligned,far-anchor,7,4,2,50,46
43,near-aligned,far-anchor,7,3,2,50,47
43,near-aligned,far-anchor,7,2,2,50,48
43,near-aligned,far-anchor,7,1,2,50,49
43,aligned,far-anchor,7,0,2,50,50
43,near-aligned,far-anchor,7,3,2,100,54
43,near-aligned,far-anchor,7,2,2,100,55
43,near-aligned,far-anchor,7,1,2,100,56
43,aligned,far-anchor,7,0,2,100,57
44,aligned,far-anchor,6,0,1,0,0
44,near-aligned,far-anchor,6,1,1,0,1
44,near-aligned,far-anchor,6,2,1,0,2
44,near-aligned,far-anchor,6,3,1,0 and 50,3
44,near-aligned,far-anchor,6,2,1,50,4
44,near-aligned,far-anchor,6,1,1,50,5
44,aligned,far-anchor,6,0,1,50,6
44,near-aligned,far-anchor,6,3,1,50,9
44,near-aligned,far-anchor,6,4,1,50,10
44,far-from-aligned,far-anchor,6,5,1,50,11
44,far-from-aligned,far-anchor,6,6,1,50,12
44,far-from-aligned,far-anchor,6,7,1,50,13
44,far-from-aligned,far-anchor,6,8,1,50,14
44,far-from-aligned,far-anchor,6,9,1,50,15
44,far-from-aligned,far-anchor,6,9,1,25,16
44,far-from-aligned,far-anchor,6,8,1,25,17
44,far-from-aligned,far-anchor,6,7,1,25,18
44,far-from-aligned,far-anchor,6,6,1,25,19
44,far-from-aligned,far-anchor,6,5,1,25,20
44,near-aligned,far-anchor,6,4,1,25,21
44,near-aligned,far-anchor,6,3,1,25,22
44,near-aligned,far-anchor,6,2,1,25,23
44,near-aligned,far-anchor,6,1,1,25,24
44,aligned,far-anchor,6,0,1,25,25
44,near-aligned,far-anchor,6,3,1,25 and 75,28
44,near-aligned,far-anchor,6,2,1,75,29
44,near-aligned,far-anchor,6,1,1,75,30
44,aligned,far-anchor,6,0,1,75,31
44,near-aligned,far-anchor,6,3,1,75,34
44,near-aligned,far-anchor,6,4,1,75,35
44,far-from-aligned,far-anchor,6,5,1,75,36
44,far-from-aligned,far-anchor,6,6,1,75,37
44,far-from-aligned,far-anchor,6,7,1,75,38
44,far-from-aligned,far-anchor,6,8,1,75,39
44,far-from-aligned,far-anchor,6,9,1,75,40
44,far-from-aligned,far-anchor,6,9,1,50,41
44,far-from-aligned,far-anchor,6,8,1,50,42
44,far-from-aligned,far-anchor,6,7,1,50,43
44,far-from-aligned,far-anchor,6,6,1,50,44
44,far-from-aligned,far-anchor,6,5,1,50,45
44,near-aligned,far-anchor,6,4,1,50,46
44,near-aligned,far-anchor,6,3,1,50,47
44,near-aligned,far-anchor,6,2,1,50,48
44,near-aligned,far-anchor,6,1,1,50,49
44,aligned,far-anchor,6,0,1,50,50
44,near-aligned,far-anchor,6,3,1,50 and 100,53
44,near-aligned,far-anchor,6,2,1,100,54
44,near-aligned,far-anchor,6,1,1,100,55
44,aligned,far-anchor,6,0,1,100,56
45,aligned,far-anchor,5,0,0,0,0
45,near-aligned,far-anchor,5,1,0,0,1
45,near-aligned,far-anchor,5,2,0,0,2
45,near-aligned,far-anchor,5,2,0,50,3
45,near-aligned,far-anchor,5,1,0,50,4
45,aligned,far-anchor,5,0,0,50,5
45,near-aligned,far-anchor,5,3,0,50,8
45,near-aligned,far-anchor,5,4,0,50,9
45,far-from-aligned,far-anchor,5,5,0,50,10
45,far-from-aligned,far-anchor,5,6,0,50,11
45,far-from-aligned,far-anchor,5,7,0,50,12
45,far-from-aligned,far-anchor,5,8,0,50,13
45,far-from-aligned,far-anchor,5,9,0,50,14
45,far-from-aligned,far-anchor,5,10,0,25 and 50,15
45,far-from-aligned,far-anchor,5,9,0,25,16
45,far-from-aligned,far-anchor,5,8,0,25,17
45,far-from-aligned,far-anchor,5,7,0,25,18
45,far-from-aligned,far-anchor,5,6,0,25,19
45,far-from-aligned,far-anchor,5,5,0,25,20
45,near-aligned,far-anchor,5,4,0,25,21
45,near-aligned,far-anchor,5,3,0,25,22
45,near-aligned,far-anchor,5,2,0,25,23
45,near-aligned,far-anchor,5,1,0,25,24
45,aligned,far-anchor,5,0,0,25,25
45,near-aligned,far-anchor,5,2,0,75,28
45,near-aligned,far-anchor,5,1,0,75,29
45,aligned,far-anchor,5,0,0,75,30
45,near-aligned,far-anchor,5,3,0,75,33
45,near-aligned,far-anchor,5,4,0,75,34
45,far-from-aligned,far-anchor,5,5,0,75,35
45,far-from-aligned,far-anchor,5,6,0,75,36
45,far-from-aligned,far-anchor,5,7,0,75,37
45,far-from-aligned,far-anchor,5,8,0,75,38
45,far-from-aligned,far-anchor,5,9,0,75,39
45,far-from-aligned,far-anchor,5,10,0,50 and 75,40
45,far-from-aligned,far-anchor,5,9,0,50,41
45,far-from-aligned,far-anchor,5,8,0,50,42
45,far-from-aligned,far-anchor,5,7,0,50,43
45,far-from-aligned,far-anchor,5,6,0,50,44
45,far-from-aligned,far-anchor,5,5,0,50,45
45,near-aligned,far-anchor,5,4,0,50,46
45,near-aligned,far-anchor,5,3,0,50,47
45,near-aligned,far-anchor,5,2,0,50,48
45,near-aligned,far-anchor,5,1,0,50,49
45,aligned,far-anchor,5,0,0,50,50
45,near-aligned,far-anchor,5,2,0,100,53
45,near-aligned,far-anchor,5,1,0,100,54
45,aligned,far-anchor,5,0,0,100,55
46,aligned,near-anchor,4,0,1,0,0
46,near-aligned,near-anchor,4,1,1,0,1
46,near-aligned,near-anchor,4,2,1,0 and 50,2
46,near-aligned,near-anchor,4,1,1,50,3
46,aligned,near-anchor,4,0,1,50,4
46,near-aligned,near-anchor,4,2,1,50,6
46,near-aligned,near-anchor,4,3,1,50,7
46,near-aligned,near-anchor,4,4,1,50,8
46,far-from-aligned,near-anchor,4,5,1,50,9
46,far-from-aligned,near-anchor,4,6,1,50,10
46,far-from-aligned,near-anchor,4,7,1,50,11
46,far-from-aligned,near-anchor,4,8,1,50,12
46,far-from-aligned,near-anchor,4,9,1,50,13
46,far-from-aligned,near-anchor,4,10,1,50,14
46,far-from-aligned,near-anchor,4,10,1,25,15
46,far-from-aligned,near-anchor,4,9,1,25,16
46,far-from-aligned,near-anchor,4,8,1,25,17
46,far-from-aligned,near-anchor,4,7,1,25,18
46,far-from-aligned,near-anchor,4,6,1,25,19
46,far-from-aligned,near-anchor,4,5,1,25,20
46,near-aligned,near-anchor,4,4,1,25,21
46,near-aligned,near-anchor,4,3,1,25,22
46,near-aligned,near-anchor,4,2,1,25,23
46,near-aligned,near-anchor,4,1,1,25,24
46,aligned,near-anchor,4,0,1,25,25
46,near-aligned,near-anchor,4,2,1,25 and 75,27
46,near-aligned,near-anchor,4,1,1,75,28
46,aligned,near-anchor,4,0,1,75,29
46,near-aligned,near-anchor,4,2,1,75,31
46,near-aligned,near-anchor,4,3,1,75,32
46,near-aligned,near-anchor,4,4,1,75,33
46,far-from-aligned,near-anchor,4,5,1,75,34
46,far-from-aligned,near-anchor,4,6,1,75,35
46,far-from-aligned,near-anchor,4,7,1,75,36
46,far-from-aligned,near-anchor,4,8,1,75,37
46,far-from-aligned,near-anchor,4,9,1,75,38
46,far-from-aligned,near-anchor,4,10,1,75,39
46,far-from-aligned,near-anchor,4,10,1,50,40
46,far-from-aligned,near-anchor,4,9,1,50,41
46,far-from-aligned,near-anchor,4,8,1,50,42
46,far-from-aligned,near-anchor,4,7,1,50,43
46,far-from-aligned,near-anchor,4,6,1,50,44
46,far-from-aligned,near-anchor,4,5,1,50,45
46,near-aligned,near-anchor,4,4,1,50,46
46,near-aligned,near-anchor,4,3,1,50,47
46,near-aligned,near-anchor,4,2,1,50,48
46,near-aligned,near-anchor,4,1,1,50,49
46,aligned,near-anchor,4,0,1,50,50
46,near-aligned,near-anchor,4,2,1,50 and 100,52
46,near-aligned,near-anchor,4,1,1,100,53
46,aligned,near-anchor,4,0,1,100,54
47,aligned,near-anchor,3,0,2,0,0
47,near-aligned,near-anchor,3,1,2,0,1
47,near-aligned,near-anchor,3,1,2,50,2
47,aligned,near-anchor,3,0,2,50,3
47,near-aligned,near-anchor,3,2,2,50,5
47,near-aligned,near-anchor,3,3,2,50,6
47,near-aligned,near-anchor,3,4,2,50,7
47,far-from-aligned,near-anchor,3,5,2,50,8
47,far-from-aligned,near-anchor,3,6,2,50,9
47,far-from-aligned,near-anchor,3,7,2,50,10
47,far-from-aligned,near-anchor,3,8,2,50,11
47,far-from-aligned,near-anchor,3,9,2,50,12
47,far-from-aligned,near-anchor,3,10,2,50,13
47,far-from-aligned,near-anchor,3,11,2,25 and 50,14
47,far-from-aligned,near-anchor,3,10,2,25,15
47,far-from-aligned,near-anchor,3,9,2,25,16
47,far-from-aligned,near-anchor,3,8,2,25,17
47,far-from-aligned,near-anchor,3,7,2,25,18
47,far-from-aligned,near-anchor,3,6,2,25,19
47,far-from-aligned,near-anchor,3,5,2,25,20
47,near-aligned,near-anchor,3,4,2,25,21
47,near-aligned,near-anchor,3,3,2,25,22
47,near-aligned,near-anchor,3,2,2,25,23
47,near-aligned,near-anchor,3,1,2,25,24
47,aligned,near-anchor,3,0,2,25,25
47,near-aligned,near-anchor,3,1,2,75,27
47,aligned,near-anchor,3,0,2,75,28
47,near-aligned,near-anchor,3,2,2,75,30
47,near-aligned,near-anchor,3,3,2,75,31
47,near-aligned,near-anchor,3,4,2,75,32
47,far-from-aligned,near-anchor,3,5,2,75,33
47,far-from-aligned,near-anchor,3,6,2,75,34
47,far-from-aligned,near-anchor,3,7,2,75,35
47,far-from-aligned,near-anchor,3,8,2,75,36
47,far-from-aligned,near-anchor,3,9,2,75,37
47,far-from-aligned,near-anchor,3,10,2,75,38
47,far-from-aligned,near-anchor,3,11,2,50 and 75,39
47,far-from-aligned,near-anchor,3,10,2,50,40
47,far-from-aligned,near-anchor,3,9,2,50,41
47,far-from-aligned,near-anchor,3,8,2,50,42
47,far-from-aligned,near-anchor,3,7,2,50,43
47,far-from-aligned,near-anchor,3,6,2,50,44
47,far-from-aligned,near-anchor,3,5,2,50,45
47,near-aligned,near-anchor,3,4,2,50,46
47,near-aligned,near-anchor,3,3,2,50,47
47,near-aligned,near-anchor,3,2,2,50,48
47,near-aligned,near-anchor,3,1,2,50,49
47,aligned,near-anchor,3,0,2,50,50
47,near-aligned,near-anchor,3,1,2,100,52
47,aligned,near-anchor,3,0,2,100,53
48,aligned,near-anchor,2,0,2,0,0
48,near-aligned,near-anchor,2,1,2,0 and 50,1
48,aligned,near-anchor,2,0,2,50,2
48,near-aligned,near-anchor,2,1,2,50,3
48,near-aligned,near-anchor,2,2,2,50,4
48,near-aligned,near-anchor,2,3,2,50,5
48,near-aligned,near-anchor,2,4,2,50,6
48,far-from-aligned,near-anchor,2,5,2,50,7
48,far-from-aligned,near-anchor,2,6,2,50,8
48,far-from-aligned,near-anchor,2,7,2,50,9
48,far-from-aligned,near-anchor,2,8,2,50,10
48,far-from-aligned,near-anchor,2,9,2,50,11
48,far-from-aligned,near-anchor,2,10,2,50,12
48,far-from-aligned,near-anchor,2,11,2,50,13
48,far-from-aligned,near-anchor,2,11,2,25,14
48,far-from-aligned,near-anchor,2,10,2,25,15
48,far-from-aligned,near-anchor,2,9,2,25,16
48,far-from-aligned,near-anchor,2,8,2,25,17
48,far-from-aligned,near-anchor,2,7,2,25,18
48,far-from-aligned,near-anchor,2,6,2,25,19
48,far-from-aligned,near-anchor,2,5,2,25,20
48,near-aligned,near-anchor,2,4,2,25,21
48,near-aligned,near-anchor,2,3,2,25,22
48,near-aligned,near-anchor,2,2,2,25,23
48,near-aligned,near-anchor,2,1,2,25,24
48,aligned,near-anchor,2,0,2,25,25
48,near-aligned,near-anchor,2,1,2,25 and 75,26
48,aligned,near-anchor,2,0,2,75,27
48,near-aligned,near-anchor,2,1,2,75,28
48,near-aligned,near-anchor,2,2,2,75,29
48,near-aligned,near-anchor,2,3,2,75,30
48,near-aligned,near-anchor,2,4,2,75,31
48,far-from-aligned,near-anchor,2,5,2,75,32
48,far-from-aligned,near-anchor,2,6,2,75,33
48,far-from-aligned,near-anchor,2,7,2,75,34
48,far-from-aligned,near-anchor,2,8,2,75,35
48,far-from-aligned,near-anchor,2,9,2,75,36
48,far-from-aligned,near-anchor,2,10,2,75,37
48,far-from-aligned,near-anchor,2,11,2,75,38
48,far-from-aligned,near-anchor,2,11,2,50,39
48,far-from-aligned,near-anchor,2,10,2,50,40
48,far-from-aligned,near-anchor,2,9,2,50,41
48,far-from-aligned,near-anchor,2,8,2,50,42
48,far-from-aligned,near-anchor,2,7,2,50,43
48,far-from-aligned,near-anchor,2,6,2,50,44
48,far-from-aligned,near-anchor,2,5,2,50,45
48,near-aligned,near-anchor,2,4,2,50,46
48,near-aligned,near-anchor,2,3,2,50,47
48,near-aligned,near-anchor,2,2,2,50,48
48,near-aligned,near-anchor,2,1,2,50,49
48,aligned,near-anchor,2,0,2,50,50
48,near-aligned,near-anchor,2,1,2,50 and 100,51
48,aligned,near-anchor,2,0,2,100,52
49,aligned,near-anchor,1,0,1,0,0
49,aligned,near-anchor,1,0,1,50,1
49,near-aligned,near-anchor,1,1,1,50,2
49,near-aligned,near-anchor,1,2,1,50,3
49,near-aligned,near-anchor,1,3,1,50,4
49,near-aligned,near-anchor,1,4,1,50,5
49,far-from-aligned,near-anchor,1,5,1,50,6
49,far-from-aligned,near-anchor,1,6,1,50,7
49,far-from-aligned,near-anchor,1,7,1,50,8
49,far-from-aligned,near-anchor,1,8,1,50,9
49,far-from-aligned,near-anchor,1,9,1,50,10
49,far-from-aligned,near-anchor,1,10,1,50,11
49,far-from-aligned,near-anchor,1,11,1,50,12
49,far-from-aligned,near-anchor,1,12,1,25 and 50,13
49,far-from-aligned,near-anchor,1,11,1,25,14
49,far-from-aligned,near-anchor,1,10,1,25,15
49,far-from-aligned,near-anchor,1,9,1,25,16
49,far-from-aligned,near-anchor,1,8,1,25,17
49,far-from-aligned,near-anchor,1,7,1,25,18
49,far-from-aligned,near-anchor,1,6,1,25,19
49,far-from-aligned,near-anchor,1,5,1,25,20
49,near-aligned,near-anchor,1,4,1,25,21
49,near-aligned,near-anchor,1,3,1,25,22
49,near-aligned,near-anchor,1,2,1,25,23
49,near-aligned,near-anchor,1,1,1,25,24
49,aligned,near-anchor,1,0,1,25,25
49,aligned,near-anchor,1,0,1,75,26
49,near-aligned,near-anchor,1,1,1,75,27
49,near-aligned,near-anchor,1,2,1,75,28
49,near-aligned,near-anchor,1,3,1,75,29
49,near-aligned,near-anchor,1,4,1,75,30
49,far-from-aligned,near-anchor,1,5,1,75,31
49,far-from-aligned,near-anchor,1,6,1,75,32
49,far-from-aligned,near-anchor,1,7,1,75,33
49,far-from-aligned,near-anchor,1,8,1,75,34
49,far-from-aligned,near-anchor,1,9,1,75,35
49,far-from-aligned,near-anchor,1,10,1,75,36
49,far-from-aligned,near-anchor,1,11,1,75,37
49,far-from-aligned,near-anchor,1,12,1,50 and 75,38
49,far-from-aligned,near-anchor,1,11,1,50,39
49,far-from-aligned,near-anchor,1,10,1,50,40
49,far-from-aligned,near-anchor,1,9,1,50,41
49,far-from-aligned,near-anchor,1,8,1,50,42
49,far-from-aligned,near-anchor,1,7,1,50,43
49,far-from-aligned,near-anchor,1,6,1,50,44
49,far-from-aligned,near-anchor,1,5,1,50,45
49,near-aligned,near-anchor,1,4,1,50,46
49,near-aligned,near-anchor,1,3,1,50,47
49,near-aligned,near-anchor,1,2,1,50,48
49,near-aligned,near-anchor,1,1,1,50,49
49,aligned,near-anchor,1,0,1,50,50
49,aligned,near-anchor,1,0,1,100,51
50,aligned,anchor,0,0,0,0 and 50,0
50,near-aligned,anchor,0,1,0,0 and 50,1
50,near-aligned,anchor,0,2,0,0 and 50,2
50,near-aligned,anchor,0,3,0,0 and 50,3
50,near-aligned,anchor,0,4,0,0 and 50,4
50,far-from-aligned,anchor,0,5,0,0 and 50,5
50,far-from-aligned,anchor,0,6,0,0 and 50,6
50,far-from-aligned,anchor,0,7,0,0 and 50,7
50,far-from-aligned,anchor,0,8,0,0 and 50,8
50,far-from-aligned,anchor,0,9,0,0 and 50,9
50,far-from-aligned,anchor,0,10,0,0 and 50,10
50,far-from-aligned,anchor,0,11,0,0 and 50,11
50,far-from-aligned,anchor,0,12,0,0 and 50,12
50,far-from-aligned,anchor,0,12,0,25 and 75,13
50,far-from-aligned,anchor,0,11,0,25 and 75,14
50,far-from-aligned,anchor,0,10,0,25 and 75,15
50,far-from-aligned,anchor,0,9,0,25 and 75,16
50,far-from-aligned,anchor,0,8,0,25 and 75,17
50,far-from-aligned,anchor,0,7,0,25 and 75,18
50,far-from-aligned,anchor,0,6,0,25 and 75,19
50,far-from-aligned,anchor,0,5,0,25 and 75,20
50,near-aligned,anchor,0,4,0,25 and 75,21
50,near-aligned,anchor,0,3,0,25 and 75,22
50,near-aligned,anchor,0,2,0,25 and 75,23
50,near-aligned,anchor,0,1,0,25 and 75,24
50,aligned,anchor,0,0,0,25 and 75,25
50,far-from-aligned,anchor,0,12,0,50 and 100,38
50,far-from-aligned,anchor,0,11,0,50 and 100,39
50,far-from-aligned,anchor,0,10,0,50 and 100,40
50,far-from-aligned,anchor,0,9,0,50 and 100,41
50,far-from-aligned,anchor,0,8,0,50 and 100,42
50,far-from-aligned,anchor,0,7,0,50 and 100,43
50,far-from-aligned,anchor,0,6,0,50 and 100,44
50,far-from-aligned,anchor,0,5,0,50 and 100,45
50,near-aligned,anchor,0,4,0,50 and 100,46
50,near-aligned,anchor,0,3,0,50 and 100,47
50,near-aligned,anchor,0,2,0,50 and 100,48
50,near-aligned,anchor,0,1,0,50 and 100,49
50,aligned,anchor,0,0,0,50 and 100,50
51,aligned,far-anchor,1,0,1,0,0
51,near-aligned,far-anchor,1,1,1,0,1
51,near-aligned,far-anchor,1,2,1,0,2
51,near-aligned,far-anchor,1,3,1,0,3
51,near-aligned,far-anchor,1,4,1,0,4
51,far-from-aligned,far-anchor,1,5,1,0,5
51,far-from-aligned,far-anchor,1,6,1,0,6
51,far-from-aligned,far-anchor,1,7,1,0,7
51,far-from-aligned,far-anchor,1,8,1,0,8
51,far-from-aligned,far-anchor,1,9,1,0,9
51,far-from-aligned,far-anchor,1,10,1,0,10
51,far-from-aligned,far-anchor,1,11,1,0,11
51,far-from-aligned,far-anchor,1,12,1,0 and 75,12
51,far-from-aligned,far-anchor,1,11,1,75,13
51,far-from-aligned,far-anchor,1,10,1,75,14
51,far-from-aligned,far-anchor,1,9,1,75,15
51,far-from-aligned,far-anchor,1,8,1,75,16
51,far-from-aligned,far-anchor,1,7,1,75,17
51,far-from-aligned,far-anchor,1,6,1,75,18
51,far-from-aligned,far-anchor,1,5,1,75,19
51,near-aligned,far-anchor,1,4,1,75,20
51,near-aligned,far-anchor,1,3,1,75,21
51,near-aligned,far-anchor,1,2,1,75,22
51,near-aligned,far-anchor,1,1,1,75,23
51,aligned,far-anchor,1,0,1,75,24
51,aligned,far-anchor,1,0,1,25,25
51,near-aligned,far-anchor,1,1,1,25,26
51,near-aligned,far-anchor,1,2,1,25,27
51,near-aligned,far-anchor,1,3,1,25,28
51,near-aligned,far-anchor,1,4,1,25,29
51,far-from-aligned,far-anchor,1,5,1,25,30
51,far-from-aligned,far-anchor,1,6,1,25,31
51,far-from-aligned,far-anchor,1,7,1,25,32
51,far-from-aligned,far-anchor,1,8,1,25,33
51,far-from-aligned,far-anchor,1,9,1,25,34
51,far-from-aligned,far-anchor,1,10,1,25,35
51,far-from-aligned,far-anchor,1,11,1,25,36
51,far-from-aligned,far-anchor,1,12,1,25 and 100,37
51,far-from-aligned,far-anchor,1,11,1,100,38
51,far-from-aligned,far-anchor,1,10,1,100,39
51,far-from-aligned,far-anchor,1,9,1,100,40
51,far-from-aligned,far-anchor,1,8,1,100,41
51,far-from-aligned,far-anchor,1,7,1,100,42
51,far-from-aligned,far-anchor,1,6,1,100,43
51,far-from-aligned,far-anchor,1,5,1,100,44
51,near-aligned,far-anchor,1,4,1,100,45
51,near-aligned,far-anchor,1,3,1,100,46
51,near-aligned,far-anchor,1,2,1,100,47
51,near-aligned,far-anchor,1,1,1,100,48
51,aligned,far-anchor,1,0,1,100,49
52,aligned,far-anchor,2,0,2,0,0
52,near-aligned,far-anchor,2,1,2,0,1
52,near-aligned,far-anchor,2,2,2,0,2
52,near-aligned,far-anchor,2,3,2,0,3
52,near-aligned,far-anchor,2,4,2,0,4
52,far-from-aligned,far-anchor,2,5,2,0,5
52,far-from-aligned,far-anchor,2,6,2,0,6
52,far-from-aligned,far-anchor,2,7,2,0,7
52,far-from-aligned,far-anchor,2,8,2,0,8
52,far-from-aligned,far-anchor,2,9,2,0,9
52,far-from-aligned,far-anchor,2,10,2,0,10
52,far-from-aligned,far-anchor,2,11,2,0,11
52,far-from-aligned,far-anchor,2,11,2,75,12
52,far-from-aligned,far-anchor,2,10,2,75,13
52,far-from-aligned,far-anchor,2,9,2,75,14
52,far-from-aligned,far-anchor,2,8,2,75,15
52,far-from-aligned,far-anchor,2,7,2,75,16
52,far-from-aligned,far-anchor,2,6,2,75,17
52,far-from-aligned,far-anchor,2,5,2,75,18
52,near-aligned,far-anchor,2,4,2,75,19
52,near-aligned,far-anchor,2,3,2,75,20
52,near-aligned,far-anchor,2,2,2,75,21
52,near-aligned,far-anchor,2,1,2,75,22
52,aligned,far-anchor,2,0,2,75,23
52,near-aligned,far-anchor,2,1,2,25 and 75,24
52,aligned,far-anchor,2,0,2,25,25
52,near-aligned,far-anchor,2,1,2,25,26
52,near-aligned,far-anchor,2,2,2,25,27
52,near-aligned,far-anchor,2,3,2,25,28
52,near-aligned,far-anchor,2,4,2,25,29
52,far-from-aligned,far-anchor,2,5,2,25,30
52,far-from-aligned,far-anchor,2,6,2,25,31
52,far-from-aligned,far-anchor,2,7,2,25,32
52,far-from-aligned,far-anchor,2,8,2,25,33
52,far-from-aligned,far-anchor,2,9,2,25,34
52,far-from-aligned,far-anchor,2,10,2,25,35
52,far-from-aligned,far-anchor,2,11,2,25,36
52,far-from-aligned,far-anchor,2,11,2,100,37
52,far-from-aligned,far-anchor,2,10,2,100,38
52,far-from-aligned,far-anchor,2,9,2,100,39
52,far-from-aligned,far-anchor,2,8,2,100,40
52,far-from-aligned,far-anchor,2,7,2,100,41
52,far-from-aligned,far-anchor,2,6,2,100,42
52,far-from-aligned,far-anchor,2,5,2,100,43
52,near-aligned,far-anchor,2,4,2,100,44
52,near-aligned,far-anchor,2,3,2,100,45
52,near-aligned,far-anchor,2,2,2,100,46
52,near-aligned,far-anchor,2,1,2,100,47
52,aligned,far-anchor,2,0,2,100,48
53,aligned,far-anchor,3,0,2,0,0
53,near-aligned,far-anchor,3,1,2,0,1
53,near-aligned,far-anchor,3,2,2,0,2
53,near-aligned,far-anchor,3,3,2,0,3
53,near-aligned,far-anchor,3,4,2,0,4
53,far-from-aligned,far-anchor,3,5,2,0,5
53,far-from-aligned,far-anchor,3,6,2,0,6
53,far-from-aligned,far-anchor,3,7,2,0,7
53,far-from-aligned,far-anchor,3,8,2,0,8
53,far-from-aligned,far-anchor,3,9,2,0,9
53,far-from-aligned,far-anchor,3,10,2,0,10
53,far-from-aligned,far-anchor,3,11,2,0 and 75,11
53,far-from-aligned,far-anchor,3,10,2,75,12
53,far-from-aligned,far-anchor,3,9,2,75,13
53,far-from-aligned,far-anchor,3,8,2,75,14
53,far-from-aligned,far-anchor,3,7,2,75,15
53,far-from-aligned,far-anchor,3,6,2,75,16
53,far-from-aligned,far-anchor,3,5,2,75,17
53,near-aligned,far-anchor,3,4,2,75,18
53,near-aligned,far-anchor,3,3,2,75,19
53,near-aligned,far-anchor,3,2,2,75,20
53,near-aligned,far-anchor,3,1,2,75,21
53,aligned,far-anchor,3,0,2,75,22
53,near-aligned,far-anchor,3,1,2,25,24
53,aligned,far-anchor,3,0,2,25,25
53,near-aligned,far-anchor,3,2,2,25,27
53,near-aligned,far-anchor,3,3,2,25,28
53,near-aligned,far-anchor,3,4,2,25,29
53,far-from-aligned,far-anchor,3,5,2,25,30
53,far-from-aligned,far-anchor,3,6,2,25,31
53,far-from-aligned,far-anchor,3,7,2,25,32
53,far-from-aligned,far-anchor,3,8,2,25,33
53,far-from-aligned,far-anchor,3,9,2,25,34
53,far-from-aligned,far-anchor,3,10,2,25,35
53,far-from-aligned,far-anchor,3,11,2,25 and 100,36
53,far-from-aligned,far-anchor,3,10,2,100,37
53,far-from-aligned,far-anchor,3,9,2,100,38
53,far-from-aligned,far-anchor,3,8,2,100,39
53,far-from-aligned,far-anchor,3,7,2,100,40
53,far-from-aligned,far-anchor,3,6,2,100,41
53,far-from-aligned,far-anchor,3,5,2,100,42
53,near-aligned,far-anchor,3,4,2,100,43
53,near-aligned,far-anchor,3,3,2,100,44
53,near-aligned,far-anchor,3,2,2,100,45
53,near-aligned,far-anchor,3,1,2,100,46
53,aligned,far-anchor,3,0,2,100,47
54,aligned,far-anchor,4,0,1,0,0
54,near-aligned,far-anchor,4,1,1,0,1
54,near-aligned,far-anchor,4,2,1,0,2
54,near-aligned,far-anchor,4,3,1,0,3
54,near-aligned,far-anchor,4,4,1,0,4
54,far-from-aligned,far-anchor,4,5,1,0,5
54,far-from-aligned,far-anchor,4,6,1,0,6
54,far-from-aligned,far-anchor,4,7,1,0,7
54,far-from-aligned,far-anchor,4,8,1,0,8
54,far-from-aligned,far-anchor,4,9,1,0,9
54,far-from-aligned,far-anchor,4,10,1,0,10
54,far-from-aligned,far-anchor,4,10,1,75,11
54,far-from-aligned,far-anchor,4,9,1,75,12
54,far-from-aligned,far-anchor,4,8,1,75,13
54,far-from-aligned,far-anchor,4,7,1,75,14
54,far-from-aligned,far-anchor,4,6,1,75,15
54,far-from-aligned,far-anchor,4,5,1,75,16
54,near-aligned,far-anchor,4,4,1,75,17
54,near-aligned,far-anchor,4,3,1,75,18
54,near-aligned,far-anchor,4,2,1,75,19
54,near-aligned,far-anchor,4,1,1,75,20
54,aligned,far-anchor,4,0,1,75,21
54,near-aligned,far-anchor,4,2,1,25 and 75,23
54,near-aligned,far-anchor,4,1,1,25,24
54,aligned,far-anchor,4,0,1,25,25
54,near-aligned,far-anchor,4,2,1,25,27
54,near-aligned,far-anchor,4,3,1,25,28
54,near-aligned,far-anchor,4,4,1,25,29
54,far-from-aligned,far-anchor,4,5,1,25,30
54,far-from-aligned,far-anchor,4,6,1,25,31
54,far-from-aligned,far-anchor,4,7,1,25,32
54,far-from-aligned,far-anchor,4,8,1,25,33
54,far-from-aligned,far-anchor,4,9,1,25,34
54,far-from-aligned,far-anchor,4,10,1,25,35
54,far-from-aligned,far-anchor,4,10,1,100,36
54,far-from-aligned,far-anchor,4,9,1,100,37
54,far-from-aligned,far-anchor,4,8,1,100,38
54,far-from-aligned,far-anchor,4,7,1,100,39
54,far-from-aligned,far-anchor,4,6,1,100,40
54,far-from-aligned,far-anchor,4,5,1,100,41
54,near-aligned,far-anchor,4,4,1,100,42
54,near-aligned,far-anchor,4,3,1,100,43
54,near-aligned,far-anchor,4,2,1,100,44
54,near-aligned,far-anchor,4,1,1,100,45
54,aligned,far-anchor,4,0,1,100,46
55,aligned,far-anchor,5,0,0,0,0
55,near-aligned,far-anchor,5,1,0,0,1
55,near-aligned,far-anchor,5,2,0,0,2
55,near-aligned,far-anchor,5,3,0,0,3
55,near-aligned,far-anchor,5,4,0,0,4
55,far-from-aligned,far-anchor,5,5,0,0,5
55,far-from-aligned,far-anchor,5,6,0,0,6
55,far-from-aligned,far-anchor,5,7,0,0,7
55,far-from-aligned,far-anchor,5,8,0,0,8
55,far-from-aligned,far-anchor,5,9,0,0,9
55,far-from-aligned,far-anchor,5,10,0,0 and 75,10
55,far-from-aligned,far-anchor,5,9,0,75,11
55,far-from-aligned,far-anchor,5,8,0,75,12
55,far-from-aligned,far-anchor,5,7,0,75,13
55,far-from-aligned,far-anchor,5,6,0,75,14
55,far-from-aligned,far-anchor,5,5,0,75,15
55,near-aligned,far-anchor,5,4,0,75,16
55,near-aligned,far-anchor,5,3,0,75,17
55,near-aligned,far-anchor,5,2,0,75,18
55,near-aligned,far-anchor,5,1,0,75,19
55,aligned,far-anchor,5,0,0,75,20
55,near-aligned,far-anchor,5,2,0,25,23
55,near-aligned,far-anchor,5,1,0,25,24
55,aligned,far-anchor,5,0,0,25,25
55,near-aligned,far-anchor,5,3,0,25,28
55,near-aligned,far-anchor,5,4,0,25,29
55,far-from-aligned,far-anchor,5,5,0,25,30
55,far-from-aligned,far-anchor,5,6,0,25,31
55,far-from-aligned,far-anchor,5,7,0,25,32
55,far-from-aligned,far-anchor,5,8,0,25,33
55,far-from-aligned,far-anchor,5,9,0,25,34
55,far-from-aligned,far-anchor,5,10,0,25 and 100,35
55,far-from-aligned,far-anchor,5,9,0,100,36
55,far-from-aligned,far-anchor,5,8,0,100,37
55,far-from-aligned,far-anchor,5,7,0,100,38
55,far-from-aligned,far-anchor,5,6,0,100,39
55,far-from-aligned,far-anchor,5,5,0,100,40
55,near-aligned,far-anchor,5,4,0,100,41
55,near-aligned,far-anchor,5,3,0,100,42
55,near-aligned,far-anchor,5,2,0,100,43
55,near-aligned,far-anchor,5,1,0,100,44
55,aligned,far-anchor,5,0,0,100,45
